/*
SQLyog Ultimate v11.11 (64 bit)
MySQL - 5.5.5-10.4.22-MariaDB : Database - db_distribuidora
*********************************************************************
*/

/*!40101 SET NAMES utf8 */;

/*!40101 SET SQL_MODE=''*/;

/*!40014 SET @OLD_UNIQUE_CHECKS=@@UNIQUE_CHECKS, UNIQUE_CHECKS=0 */;
/*!40014 SET @OLD_FOREIGN_KEY_CHECKS=@@FOREIGN_KEY_CHECKS, FOREIGN_KEY_CHECKS=0 */;
/*!40101 SET @OLD_SQL_MODE=@@SQL_MODE, SQL_MODE='NO_AUTO_VALUE_ON_ZERO' */;
/*!40111 SET @OLD_SQL_NOTES=@@SQL_NOTES, SQL_NOTES=0 */;
CREATE DATABASE /*!32312 IF NOT EXISTS*/`db_distribuidora` /*!40100 DEFAULT CHARACTER SET utf8 */;

USE `db_distribuidora`;

/*Table structure for table `area` */

DROP TABLE IF EXISTS `area`;

CREATE TABLE `area` (
  `id` int(10) NOT NULL AUTO_INCREMENT,
  `n_area` varbinary(50) NOT NULL,
  PRIMARY KEY (`id`)
) ENGINE=InnoDB AUTO_INCREMENT=8 DEFAULT CHARSET=utf8;

/*Data for the table `area` */

insert  into `area`(`id`,`n_area`) values (1,'Direccion'),(2,'Recursos Humanos'),(3,'Produccion'),(4,'Contabilidad y Finanzas'),(5,'Marketing y Ventas'),(6,'Tecnologia'),(7,'Servicio Al Cliente');

/*Table structure for table `ciudades` */

DROP TABLE IF EXISTS `ciudades`;

CREATE TABLE `ciudades` (
  `id` int(10) NOT NULL,
  `n_ciudad` varchar(50) NOT NULL,
  `id_departamento` int(10) DEFAULT NULL,
  PRIMARY KEY (`id`),
  KEY `id_departamento` (`id_departamento`),
  CONSTRAINT `ciudades_ibfk_1` FOREIGN KEY (`id_departamento`) REFERENCES `departamentos` (`id`)
) ENGINE=InnoDB DEFAULT CHARSET=utf8;

/*Data for the table `ciudades` */

insert  into `ciudades`(`id`,`n_ciudad`,`id_departamento`) values (1,'MEDELLIN',1),(2,'ABEJORRAL',1),(3,'ABRIAQUI',1),(4,'ALEJANDRIA',1),(5,'AMAGA',1),(6,'AMALFI',1),(7,'ANDES',1),(8,'ANGELOPOLIS',1),(9,'ANGOSTURA',1),(10,'ANORI',1),(11,'SANTAFE DE ANTIOQUIA',1),(12,'ANZA',1),(13,'APARTADO',1),(14,'ARBOLETES',1),(15,'ARGELIA',1),(16,'ARMENIA',1),(17,'BARBOSA',1),(18,'BELMIRA',1),(19,'BELLO',1),(20,'BETANIA',1),(21,'BETULIA',1),(22,'CIUDAD BOLIVAR',1),(23,'BRICEÑO',1),(24,'BURITICA',1),(25,'CACERES',1),(26,'CAICEDO',1),(27,'CALDAS',1),(28,'CAMPAMENTO',1),(29,'CAÑASGORDAS',1),(30,'CARACOLI',1),(31,'CARAMANTA',1),(32,'CAREPA',1),(33,'EL CARMEN DE VIBORAL',1),(34,'CAROLINA',1),(35,'CAUCASIA',1),(36,'CHIGORODO',1),(37,'CISNEROS',1),(38,'COCORNA',1),(39,'CONCEPCION',1),(40,'CONCORDIA',1),(41,'COPACABANA',1),(42,'DABEIBA',1),(43,'DON MATIAS',1),(44,'EBEJICO',1),(45,'EL BAGRE',1),(46,'ENTRERRIOS',1),(47,'ENVIGADO',1),(48,'FREDONIA',1),(49,'FRONTINO',1),(50,'GIRALDO',1),(51,'GIRARDOTA',1),(52,'GOMEZ PLATA',1),(53,'GRANADA',1),(54,'GUADALUPE',1),(55,'GUARNE',1),(56,'GUATAPE',1),(57,'HELICONIA',1),(58,'HISPANIA',1),(59,'ITAGUI',1),(60,'ITUANGO',1),(61,'JARDIN',1),(62,'JERICO',1),(63,'LA CEJA',1),(64,'LA ESTRELLA',1),(65,'LA PINTADA',1),(66,'LA UNION',1),(67,'LIBORINA',1),(68,'MACEO',1),(69,'MARINILLA',1),(70,'MONTEBELLO',1),(71,'MURINDO',1),(72,'MUTATA',1),(73,'NARIÑO',1),(74,'NECOCLI',1),(75,'NECHI',1),(76,'OLAYA',1),(77,'PEÐOL',1),(78,'PEQUE',1),(79,'PUEBLORRICO',1),(80,'PUERTO BERRIO',1),(81,'PUERTO NARE',1),(82,'PUERTO TRIUNFO',1),(83,'REMEDIOS',1),(84,'RETIRO',1),(85,'RIONEGRO',1),(86,'SABANALARGA',1),(87,'SABANETA',1),(88,'SALGAR',1),(89,'SAN ANDRES DE CUERQUIA',1),(90,'SAN CARLOS',1),(91,'SAN FRANCISCO',1),(92,'SAN JERONIMO',1),(93,'SAN JOSE DE LA MONTAÑA',1),(94,'SAN JUAN DE URABA',1),(95,'SAN LUIS',1),(96,'SAN PEDRO',1),(97,'SAN PEDRO DE URABA',1),(98,'SAN RAFAEL',1),(99,'SAN ROQUE',1),(100,'SAN VICENTE',1),(101,'SANTA BARBARA',1),(102,'SANTA ROSA DE OSOS',1),(103,'SANTO DOMINGO',1),(104,'EL SANTUARIO',1),(105,'SEGOVIA',1),(106,'SONSON',1),(107,'SOPETRAN',1),(108,'TAMESIS',1),(109,'TARAZA',1),(110,'TARSO',1),(111,'TITIRIBI',1),(112,'TOLEDO',1),(113,'TURBO',1),(114,'URAMITA',1),(115,'URRAO',1),(116,'VALDIVIA',1),(117,'VALPARAISO',1),(118,'VEGACHI',1),(119,'VENECIA',1),(120,'VIGIA DEL FUERTE',1),(121,'YALI',1),(122,'YARUMAL',1),(123,'YOLOMBO',1),(124,'YONDO',1),(125,'ZARAGOZA',1),(126,'BARRANQUILLA',2),(127,'BARANOA',2),(128,'CAMPO DE LA CRUZ',2),(129,'CANDELARIA',2),(130,'GALAPA',2),(131,'JUAN DE ACOSTA',2),(132,'LURUACO',2),(133,'MALAMBO',2),(134,'MANATI',2),(135,'PALMAR DE VARELA',2),(136,'PIOJO',2),(137,'POLONUEVO',2),(138,'PONEDERA',2),(139,'PUERTO COLOMBIA',2),(140,'REPELON',2),(141,'SABANAGRANDE',2),(142,'SABANALARGA',2),(143,'SANTA LUCIA',2),(144,'SANTO TOMAS',2),(145,'SOLEDAD',2),(146,'SUAN',2),(147,'TUBARA',2),(148,'USIACURI',2),(149,'BOGOTA, D.C.',3),(150,'CARTAGENA',4),(151,'ACHI',4),(152,'ALTOS DEL ROSARIO',4),(153,'ARENAL',4),(154,'ARJONA',4),(155,'ARROYOHONDO',4),(156,'BARRANCO DE LOBA',4),(157,'CALAMAR',4),(158,'CANTAGALLO',4),(159,'CICUCO',4),(160,'CORDOBA',4),(161,'CLEMENCIA',4),(162,'EL CARMEN DE BOLIVAR',4),(163,'EL GUAMO',4),(164,'EL PEÑON',4),(165,'HATILLO DE LOBA',4),(166,'MAGANGUE',4),(167,'MAHATES',4),(168,'MARGARITA',4),(169,'MARIA LA BAJA',4),(170,'MONTECRISTO',4),(171,'MOMPOS',4),(172,'NOROSI',4),(173,'MORALES',4),(174,'PINILLOS',4),(175,'REGIDOR',4),(176,'RIO VIEJO',4),(177,'SAN CRISTOBAL',4),(178,'SAN ESTANISLAO',4),(179,'SAN FERNANDO',4),(180,'SAN JACINTO',4),(181,'SAN JACINTO DEL CAUCA',4),(182,'SAN JUAN NEPOMUCENO',4),(183,'SAN MARTIN DE LOBA',4),(184,'SAN PABLO',4),(185,'SANTA CATALINA',4),(186,'SANTA ROSA',4),(187,'SANTA ROSA DEL SUR',4),(188,'SIMITI',4),(189,'SOPLAVIENTO',4),(190,'TALAIGUA NUEVO',4),(191,'TIQUISIO',4),(192,'TURBACO',4),(193,'TURBANA',4),(194,'VILLANUEVA',4),(195,'ZAMBRANO',4),(196,'TUNJA',5),(197,'ALMEIDA',5),(198,'AQUITANIA',5),(199,'ARCABUCO',5),(200,'BELEN',5),(201,'BERBEO',5),(202,'BETEITIVA',5),(203,'BOAVITA',5),(204,'BOYACA',5),(205,'BRICEÑO',5),(206,'BUENAVISTA',5),(207,'BUSBANZA',5),(208,'CALDAS',5),(209,'CAMPOHERMOSO',5),(210,'CERINZA',5),(211,'CHINAVITA',5),(212,'CHIQUINQUIRA',5),(213,'CHISCAS',5),(214,'CHITA',5),(215,'CHITARAQUE',5),(216,'CHIVATA',5),(217,'CIENEGA',5),(218,'COMBITA',5),(219,'COPER',5),(220,'CORRALES',5),(221,'COVARACHIA',5),(222,'CUBARA',5),(223,'CUCAITA',5),(224,'CUITIVA',5),(225,'CHIQUIZA',5),(226,'CHIVOR',5),(227,'DUITAMA',5),(228,'EL COCUY',5),(229,'EL ESPINO',5),(230,'FIRAVITOBA',5),(231,'FLORESTA',5),(232,'GACHANTIVA',5),(233,'GAMEZA',5),(234,'GARAGOA',5),(235,'GUACAMAYAS',5),(236,'GUATEQUE',5),(237,'GUAYATA',5),(238,'GsICAN',5),(239,'IZA',5),(240,'JENESANO',5),(241,'JERICO',5),(242,'LABRANZAGRANDE',5),(243,'LA CAPILLA',5),(244,'LA VICTORIA',5),(245,'LA UVITA',5),(246,'VILLA DE LEYVA',5),(247,'MACANAL',5),(248,'MARIPI',5),(249,'MIRAFLORES',5),(250,'MONGUA',5),(251,'MONGUI',5),(252,'MONIQUIRA',5),(253,'MOTAVITA',5),(254,'MUZO',5),(255,'NOBSA',5),(256,'NUEVO COLON',5),(257,'OICATA',5),(258,'OTANCHE',5),(259,'PACHAVITA',5),(260,'PAEZ',5),(261,'PAIPA',5),(262,'PAJARITO',5),(263,'PANQUEBA',5),(264,'PAUNA',5),(265,'PAYA',5),(266,'PAZ DE RIO',5),(267,'PESCA',5),(268,'PISBA',5),(269,'PUERTO BOYACA',5),(270,'QUIPAMA',5),(271,'RAMIRIQUI',5),(272,'RAQUIRA',5),(273,'RONDON',5),(274,'SABOYA',5),(275,'SACHICA',5),(276,'SAMACA',5),(277,'SAN EDUARDO',5),(278,'SAN JOSE DE PARE',5),(279,'SAN LUIS DE GACENO',5),(280,'SAN MATEO',5),(281,'SAN MIGUEL DE SEMA',5),(282,'SAN PABLO DE BORBUR',5),(283,'SANTANA',5),(284,'SANTA MARIA',5),(285,'SANTA ROSA DE VITERBO',5),(286,'SANTA SOFIA',5),(287,'SATIVANORTE',5),(288,'SATIVASUR',5),(289,'SIACHOQUE',5),(290,'SOATA',5),(291,'SOCOTA',5),(292,'SOCHA',5),(293,'SOGAMOSO',5),(294,'SOMONDOCO',5),(295,'SORA',5),(296,'SOTAQUIRA',5),(297,'SORACA',5),(298,'SUSACON',5),(299,'SUTAMARCHAN',5),(300,'SUTATENZA',5),(301,'TASCO',5),(302,'TENZA',5),(303,'TIBANA',5),(304,'TIBASOSA',5),(305,'TINJACA',5),(306,'TIPACOQUE',5),(307,'TOCA',5),(308,'TOGsI',5),(309,'TOPAGA',5),(310,'TOTA',5),(311,'TUNUNGUA',5),(312,'TURMEQUE',5),(313,'TUTA',5),(314,'TUTAZA',5),(315,'UMBITA',5),(316,'VENTAQUEMADA',5),(317,'VIRACACHA',5),(318,'ZETAQUIRA',5),(319,'MANIZALES',6),(320,'AGUADAS',6),(321,'ANSERMA',6),(322,'ARANZAZU',6),(323,'BELALCAZAR',6),(324,'CHINCHINA',6),(325,'FILADELFIA',6),(326,'LA DORADA',6),(327,'LA MERCED',6),(328,'MANZANARES',6),(329,'MARMATO',6),(330,'MARQUETALIA',6),(331,'MARULANDA',6),(332,'NEIRA',6),(333,'NORCASIA',6),(334,'PACORA',6),(335,'PALESTINA',6),(336,'PENSILVANIA',6),(337,'RIOSUCIO',6),(338,'RISARALDA',6),(339,'SALAMINA',6),(340,'SAMANA',6),(341,'SAN JOSE',6),(342,'SUPIA',6),(343,'VICTORIA',6),(344,'VILLAMARIA',6),(345,'VITERBO',6),(346,'FLORENCIA',7),(347,'ALBANIA',7),(348,'BELEN DE LOS ANDAQUIES',7),(349,'CARTAGENA DEL CHAIRA',7),(350,'CURILLO',7),(351,'EL DONCELLO',7),(352,'EL PAUJIL',7),(353,'LA MONTAÑITA',7),(354,'MILAN',7),(355,'MORELIA',7),(356,'PUERTO RICO',7),(357,'SAN JOSE DEL FRAGUA',7),(358,'SAN VICENTE DEL CAGUAN',7),(359,'SOLANO',7),(360,'SOLITA',7),(361,'VALPARAISO',7),(362,'POPAYAN',8),(363,'ALMAGUER',8),(364,'ARGELIA',8),(365,'BALBOA',8),(366,'BOLIVAR',8),(367,'BUENOS AIRES',8),(368,'CAJIBIO',8),(369,'CALDONO',8),(370,'CALOTO',8),(371,'CORINTO',8),(372,'EL TAMBO',8),(373,'FLORENCIA',8),(374,'GUACHENE',8),(375,'GUAPI',8),(376,'INZA',8),(377,'JAMBALO',8),(378,'LA SIERRA',8),(379,'LA VEGA',8),(380,'LOPEZ',8),(381,'MERCADERES',8),(382,'MIRANDA',8),(383,'MORALES',8),(384,'PADILLA',8),(385,'PAEZ',8),(386,'PATIA',8),(387,'PIAMONTE',8),(388,'PIENDAMO',8),(389,'PUERTO TEJADA',8),(390,'PURACE',8),(391,'ROSAS',8),(392,'SAN SEBASTIAN',8),(393,'SANTANDER DE QUILICHAO',8),(394,'SANTA ROSA',8),(395,'SILVIA',8),(396,'SOTARA',8),(397,'SUAREZ',8),(398,'SUCRE',8),(399,'TIMBIO',8),(400,'TIMBIQUI',8),(401,'TORIBIO',8),(402,'TOTORO',8),(403,'VILLA RICA',8),(404,'VALLEDUPAR',9),(405,'AGUACHICA',9),(406,'AGUSTIN CODAZZI',9),(407,'ASTREA',9),(408,'BECERRIL',9),(409,'BOSCONIA',9),(410,'CHIMICHAGUA',9),(411,'CHIRIGUANA',9),(412,'CURUMANI',9),(413,'EL COPEY',9),(414,'EL PASO',9),(415,'GAMARRA',9),(416,'GONZALEZ',9),(417,'LA GLORIA',9),(418,'LA JAGUA DE IBIRICO',9),(419,'MANAURE',9),(420,'PAILITAS',9),(421,'PELAYA',9),(422,'PUEBLO BELLO',9),(423,'RIO DE ORO',9),(424,'LA PAZ',9),(425,'SAN ALBERTO',9),(426,'SAN DIEGO',9),(427,'SAN MARTIN',9),(428,'TAMALAMEQUE',9),(429,'MONTERIA',10),(430,'AYAPEL',10),(431,'BUENAVISTA',10),(432,'CANALETE',10),(433,'CERETE',10),(434,'CHIMA',10),(435,'CHINU',10),(436,'CIENAGA DE ORO',10),(437,'COTORRA',10),(438,'LA APARTADA',10),(439,'LORICA',10),(440,'LOS CORDOBAS',10),(441,'MOMIL',10),(442,'MONTELIBANO',10),(443,'MOÑITOS',10),(444,'PLANETA RICA',10),(445,'PUEBLO NUEVO',10),(446,'PUERTO ESCONDIDO',10),(447,'PUERTO LIBERTADOR',10),(448,'PURISIMA',10),(449,'SAHAGUN',10),(450,'SAN ANDRES SOTAVENTO',10),(451,'SAN ANTERO',10),(452,'SAN BERNARDO DEL VIENTO',10),(453,'SAN CARLOS',10),(454,'SAN PELAYO',10),(455,'TIERRALTA',10),(456,'VALENCIA',10),(457,'AGUA DE DIOS',11),(458,'ALBAN',11),(459,'ANAPOIMA',11),(460,'ANOLAIMA',11),(461,'ARBELAEZ',11),(462,'BELTRAN',11),(463,'BITUIMA',11),(464,'BOJACA',11),(465,'CABRERA',11),(466,'CACHIPAY',11),(467,'CAJICA',11),(468,'CAPARRAPI',11),(469,'CAQUEZA',11),(470,'CARMEN DE CARUPA',11),(471,'CHAGUANI',11),(472,'CHIA',11),(473,'CHIPAQUE',11),(474,'CHOACHI',11),(475,'CHOCONTA',11),(476,'COGUA',11),(477,'COTA',11),(478,'CUCUNUBA',11),(479,'EL COLEGIO',11),(480,'EL PEÑON',11),(481,'EL ROSAL',11),(482,'FACATATIVA',11),(483,'FOMEQUE',11),(484,'FOSCA',11),(485,'FUNZA',11),(486,'FUQUENE',11),(487,'FUSAGASUGA',11),(488,'GACHALA',11),(489,'GACHANCIPA',11),(490,'GACHETA',11),(491,'GAMA',11),(492,'GIRARDOT',11),(493,'GRANADA',11),(494,'GUACHETA',11),(495,'GUADUAS',11),(496,'GUASCA',11),(497,'GUATAQUI',11),(498,'GUATAVITA',11),(499,'GUAYABAL DE SIQUIMA',11),(500,'GUAYABETAL',11),(501,'GUTIERREZ',11),(502,'JERUSALEN',11),(503,'JUNIN',11),(504,'LA CALERA',11),(505,'LA MESA',11),(506,'LA PALMA',11),(507,'LA PEÑA',11),(508,'LA VEGA',11),(509,'LENGUAZAQUE',11),(510,'MACHETA',11),(511,'MADRID',11),(512,'MANTA',11),(513,'MEDINA',11),(514,'MOSQUERA',11),(515,'NARIÑO',11),(516,'NEMOCON',11),(517,'NILO',11),(518,'NIMAIMA',11),(519,'NOCAIMA',11),(520,'VENECIA',11),(521,'PACHO',11),(522,'PAIME',11),(523,'PANDI',11),(524,'PARATEBUENO',11),(525,'PASCA',11),(526,'PUERTO SALGAR',11),(527,'PULI',11),(528,'QUEBRADANEGRA',11),(529,'QUETAME',11),(530,'QUIPILE',11),(531,'APULO',11),(532,'RICAURTE',11),(533,'SAN ANTONIO DEL TEQUENDA',11),(534,'SAN BERNARDO',11),(535,'SAN CAYETANO',11),(536,'SAN FRANCISCO',11),(537,'SAN JUAN DE RIO SECO',11),(538,'SASAIMA',11),(539,'SESQUILE',11),(540,'SIBATE',11),(541,'SILVANIA',11),(542,'SIMIJACA',11),(543,'SOACHA',11),(544,'SOPO',11),(545,'SUBACHOQUE',11),(546,'SUESCA',11),(547,'SUPATA',11),(548,'SUSA',11),(549,'SUTATAUSA',11),(550,'TABIO',11),(551,'TAUSA',11),(552,'TENA',11),(553,'TENJO',11),(554,'TIBACUY',11),(555,'TIBIRITA',11),(556,'TOCAIMA',11),(557,'TOCANCIPA',11),(558,'TOPAIPI',11),(559,'UBALA',11),(560,'UBAQUE',11),(561,'VILLA DE SAN DIEGO DE UBAT',11),(562,'UNE',11),(563,'UTICA',11),(564,'VERGARA',11),(565,'VIANI',11),(566,'VILLAGOMEZ',11),(567,'VILLAPINZON',11),(568,'VILLETA',11),(569,'VIOTA',11),(570,'YACOPI',11),(571,'ZIPACON',11),(572,'ZIPAQUIRA',11),(573,'QUIBDO',12),(574,'ACANDI',12),(575,'ALTO BAUDO',12),(576,'ATRATO',12),(577,'BAGADO',12),(578,'BAHIA SOLANO',12),(579,'BAJO BAUDO',12),(580,'BOJAYA',12),(581,'EL CANTON DEL SAN PABLO',12),(582,'CARMEN DEL DARIEN',12),(583,'CERTEGUI',12),(584,'CONDOTO',12),(585,'EL CARMEN DE ATRATO',12),(586,'EL LITORAL DEL SAN JUAN',12),(587,'ISTMINA',12),(588,'JURADO',12),(589,'LLORO',12),(590,'MEDIO ATRATO',12),(591,'MEDIO BAUDO',12),(592,'MEDIO SAN JUAN',12),(593,'NOVITA',12),(594,'NUQUI',12),(595,'RIO IRO',12),(596,'RIO QUITO',12),(597,'RIOSUCIO',12),(598,'SAN JOSE DEL PALMAR',12),(599,'SIPI',12),(600,'TADO',12),(601,'UNGUIA',12),(602,'UNION PANAMERICANA',12),(603,'NEIVA',13),(604,'ACEVEDO',13),(605,'AGRADO',13),(606,'AIPE',13),(607,'ALGECIRAS',13),(608,'CAMPOALEGRE',13),(609,'COLOMBIA',13),(610,'ELIAS',13),(611,'GARZON',13),(612,'GIGANTE',13),(613,'GUADALUPE',13),(614,'HOBO',13),(615,'IQUIRA',13),(616,'ISNOS',13),(617,'LA ARGENTINA',13),(618,'LA PLATA',13),(619,'NATAGA',13),(620,'OPORAPA',13),(621,'PAICOL',13),(622,'PALERMO',13),(623,'PALESTINA',13),(624,'PITAL',13),(625,'PITALITO',13),(626,'RIVERA',13),(627,'SALADOBLANCO',13),(628,'SAN AGUSTIN',13),(629,'SANTA MARIA',13),(630,'SUAZA',13),(631,'TARQUI',13),(632,'TESALIA',13),(633,'TELLO',13),(634,'TERUEL',13),(635,'TIMANA',13),(636,'VILLAVIEJA',13),(637,'YAGUARA',13),(638,'RIOHACHA',14),(639,'ALBANIA',14),(640,'BARRANCAS',14),(641,'DIBULLA',14),(642,'DISTRACCION',14),(643,'EL MOLINO',14),(644,'FONSECA',14),(645,'HATONUEVO',14),(646,'LA JAGUA DEL PILAR',14),(647,'MAICAO',14),(648,'MANAURE',14),(649,'SAN JUAN DEL CESAR',14),(650,'URIBIA',14),(651,'URUMITA',14),(652,'VILLANUEVA',14),(653,'SANTA MARTA',15),(654,'ALGARROBO',15),(655,'ARACATACA',15),(656,'ARIGUANI',15),(657,'CERRO SAN ANTONIO',15),(658,'CHIBOLO',15),(659,'CIENAGA',15),(660,'CONCORDIA',15),(661,'EL BANCO',15),(662,'EL PIÑON',15),(663,'EL RETEN',15),(664,'FUNDACION',15),(665,'GUAMAL',15),(666,'NUEVA GRANADA',15),(667,'PEDRAZA',15),(668,'PIJIÑO DEL CARMEN',15),(669,'PIVIJAY',15),(670,'PLATO',15),(671,'PUEBLOVIEJO',15),(672,'REMOLINO',15),(673,'SABANAS DE SAN ANGEL',15),(674,'SALAMINA',15),(675,'SAN SEBASTIAN DE BUENAVIS',15),(676,'SAN ZENON',15),(677,'SANTA ANA',15),(678,'SANTA BARBARA DE PINTO',15),(679,'SITIONUEVO',15),(680,'TENERIFE',15),(681,'ZAPAYAN',15),(682,'ZONA BANANERA',15),(683,'VILLAVICENCIO',16),(684,'ACACIAS',16),(685,'BARRANCA DE UPIA',16),(686,'CABUYARO',16),(687,'CASTILLA LA NUEVA',16),(688,'CUBARRAL',16),(689,'CUMARAL',16),(690,'EL CALVARIO',16),(691,'EL CASTILLO',16),(692,'EL DORADO',16),(693,'FUENTE DE ORO',16),(694,'GRANADA',16),(695,'GUAMAL',16),(696,'MAPIRIPAN',16),(697,'MESETAS',16),(698,'LA MACARENA',16),(699,'URIBE',16),(700,'LEJANIAS',16),(701,'PUERTO CONCORDIA',16),(702,'PUERTO GAITAN',16),(703,'PUERTO LOPEZ',16),(704,'PUERTO LLERAS',16),(705,'PUERTO RICO',16),(706,'RESTREPO',16),(707,'SAN CARLOS DE GUAROA',16),(708,'SAN JUAN DE ARAMA',16),(709,'SAN JUANITO',16),(710,'SAN MARTIN',16),(711,'VISTAHERMOSA',16),(712,'PASTO',17),(713,'ALBAN',17),(714,'ALDANA',17),(715,'ANCUYA',17),(716,'ARBOLEDA',17),(717,'BARBACOAS',17),(718,'BELEN',17),(719,'BUESACO',17),(720,'COLON',17),(721,'CONSACA',17),(722,'CONTADERO',17),(723,'CORDOBA',17),(724,'CUASPUD',17),(725,'CUMBAL',17),(726,'CUMBITARA',17),(727,'CHACHAGsI',17),(728,'EL CHARCO',17),(729,'EL PEÑOL',17),(730,'EL ROSARIO',17),(731,'EL TABLON DE GOMEZ',17),(732,'EL TAMBO',17),(733,'FUNES',17),(734,'GUACHUCAL',17),(735,'GUAITARILLA',17),(736,'GUALMATAN',17),(737,'ILES',17),(738,'IMUES',17),(739,'IPIALES',17),(740,'LA CRUZ',17),(741,'LA FLORIDA',17),(742,'LA LLANADA',17),(743,'LA TOLA',17),(744,'LA UNION',17),(745,'LEIVA',17),(746,'LINARES',17),(747,'LOS ANDES',17),(748,'MAGsI',17),(749,'MALLAMA',17),(750,'MOSQUERA',17),(751,'NARIÑO',17),(752,'OLAYA HERRERA',17),(753,'OSPINA',17),(754,'FRANCISCO PIZARRO',17),(755,'POLICARPA',17),(756,'POTOSI',17),(757,'PROVIDENCIA',17),(758,'PUERRES',17),(759,'PUPIALES',17),(760,'RICAURTE',17),(761,'ROBERTO PAYAN',17),(762,'SAMANIEGO',17),(763,'SANDONA',17),(764,'SAN BERNARDO',17),(765,'SAN LORENZO',17),(766,'SAN PABLO',17),(767,'SAN PEDRO DE CARTAGO',17),(768,'SANTA BARBARA',17),(769,'SANTACRUZ',17),(770,'SAPUYES',17),(771,'TAMINANGO',17),(772,'TANGUA',17),(773,'SAN ANDRES DE TUMACO',17),(774,'TUQUERRES',17),(775,'YACUANQUER',17),(776,'CUCUTA',18),(777,'ABREGO',18),(778,'ARBOLEDAS',18),(779,'BOCHALEMA',18),(780,'BUCARASICA',18),(781,'CACOTA',18),(782,'CACHIRA',18),(783,'CHINACOTA',18),(784,'CHITAGA',18),(785,'CONVENCION',18),(786,'CUCUTILLA',18),(787,'DURANIA',18),(788,'EL CARMEN',18),(789,'EL TARRA',18),(790,'EL ZULIA',18),(791,'GRAMALOTE',18),(792,'HACARI',18),(793,'HERRAN',18),(794,'LABATECA',18),(795,'LA ESPERANZA',18),(796,'LA PLAYA',18),(797,'LOS PATIOS',18),(798,'LOURDES',18),(799,'MUTISCUA',18),(800,'OCAÑA',18),(801,'PAMPLONA',18),(802,'PAMPLONITA',18),(803,'PUERTO SANTANDER',18),(804,'RAGONVALIA',18),(805,'SALAZAR',18),(806,'SAN CALIXTO',18),(807,'SAN CAYETANO',18),(808,'SANTIAGO',18),(809,'SARDINATA',18),(810,'SILOS',18),(811,'TEORAMA',18),(812,'TIBU',18),(813,'TOLEDO',18),(814,'VILLA CARO',18),(815,'VILLA DEL ROSARIO',18),(816,'ARMENIA',19),(817,'BUENAVISTA',19),(818,'CALARCA',19),(819,'CIRCASIA',19),(820,'CORDOBA',19),(821,'FILANDIA',19),(822,'GENOVA',19),(823,'LA TEBAIDA',19),(824,'MONTENEGRO',19),(825,'PIJAO',19),(826,'QUIMBAYA',19),(827,'SALENTO',19),(828,'PEREIRA',20),(829,'APIA',20),(830,'BALBOA',20),(831,'BELEN DE UMBRIA',20),(832,'DOSQUEBRADAS',20),(833,'GUATICA',20),(834,'LA CELIA',20),(835,'LA VIRGINIA',20),(836,'MARSELLA',20),(837,'MISTRATO',20),(838,'PUEBLO RICO',20),(839,'QUINCHIA',20),(840,'SANTA ROSA DE CABAL',20),(841,'SANTUARIO',20),(842,'BUCARAMANGA',21),(843,'AGUADA',21),(844,'ALBANIA',21),(845,'ARATOCA',21),(846,'BARBOSA',21),(847,'BARICHARA',21),(848,'BARRANCABERMEJA',21),(849,'BETULIA',21),(850,'BOLIVAR',21),(851,'CABRERA',21),(852,'CALIFORNIA',21),(853,'CAPITANEJO',21),(854,'CARCASI',21),(855,'CEPITA',21),(856,'CERRITO',21),(857,'CHARALA',21),(858,'CHARTA',21),(859,'CHIMA',21),(860,'CHIPATA',21),(861,'CIMITARRA',21),(862,'CONCEPCION',21),(863,'CONFINES',21),(864,'CONTRATACION',21),(865,'COROMORO',21),(866,'CURITI',21),(867,'EL CARMEN DE CHUCURI',21),(868,'EL GUACAMAYO',21),(869,'EL PEÑON',21),(870,'EL PLAYON',21),(871,'ENCINO',21),(872,'ENCISO',21),(873,'FLORIAN',21),(874,'FLORIDABLANCA',21),(875,'GALAN',21),(876,'GAMBITA',21),(877,'GIRON',21),(878,'GUACA',21),(879,'GUADALUPE',21),(880,'GUAPOTA',21),(881,'GUAVATA',21),(882,'GsEPSA',21),(883,'HATO',21),(884,'JESUS MARIA',21),(885,'JORDAN',21),(886,'LA BELLEZA',21),(887,'LANDAZURI',21),(888,'LA PAZ',21),(889,'LEBRIJA',21),(890,'LOS SANTOS',21),(891,'MACARAVITA',21),(892,'MALAGA',21),(893,'MATANZA',21),(894,'MOGOTES',21),(895,'MOLAGAVITA',21),(896,'OCAMONTE',21),(897,'OIBA',21),(898,'ONZAGA',21),(899,'PALMAR',21),(900,'PALMAS DEL SOCORRO',21),(901,'PARAMO',21),(902,'PIEDECUESTA',21),(903,'PINCHOTE',21),(904,'PUENTE NACIONAL',21),(905,'PUERTO PARRA',21),(906,'PUERTO WILCHES',21),(907,'RIONEGRO',21),(908,'SABANA DE TORRES',21),(909,'SAN ANDRES',21),(910,'SAN BENITO',21),(911,'SAN GIL',21),(912,'SAN JOAQUIN',21),(913,'SAN JOSE DE MIRANDA',21),(914,'SAN MIGUEL',21),(915,'SAN VICENTE DE CHUCURI',21),(916,'SANTA BARBARA',21),(917,'SANTA HELENA DEL OPON',21),(918,'SIMACOTA',21),(919,'SOCORRO',21),(920,'SUAITA',21),(921,'SUCRE',21),(922,'SURATA',21),(923,'TONA',21),(924,'VALLE DE SAN JOSE',21),(925,'VELEZ',21),(926,'VETAS',21),(927,'VILLANUEVA',21),(928,'ZAPATOCA',21),(929,'SINCELEJO',22),(930,'BUENAVISTA',22),(931,'CAIMITO',22),(932,'COLOSO',22),(933,'COROZAL',22),(934,'COVEÑAS',22),(935,'CHALAN',22),(936,'EL ROBLE',22),(937,'GALERAS',22),(938,'GUARANDA',22),(939,'LA UNION',22),(940,'LOS PALMITOS',22),(941,'MAJAGUAL',22),(942,'MORROA',22),(943,'OVEJAS',22),(944,'PALMITO',22),(945,'SAMPUES',22),(946,'SAN BENITO ABAD',22),(947,'SAN JUAN DE BETULIA',22),(948,'SAN MARCOS',22),(949,'SAN ONOFRE',22),(950,'SAN PEDRO',22),(951,'SAN LUIS DE SINCE',22),(952,'SUCRE',22),(953,'SANTIAGO DE TOLU',22),(954,'TOLU VIEJO',22),(955,'IBAGUE',23),(956,'ALPUJARRA',23),(957,'ALVARADO',23),(958,'AMBALEMA',23),(959,'ANZOATEGUI',23),(960,'ARMERO',23),(961,'ATACO',23),(962,'CAJAMARCA',23),(963,'CARMEN DE APICALA',23),(964,'CASABIANCA',23),(965,'CHAPARRAL',23),(966,'COELLO',23),(967,'COYAIMA',23),(968,'CUNDAY',23),(969,'DOLORES',23),(970,'ESPINAL',23),(971,'FALAN',23),(972,'FLANDES',23),(973,'FRESNO',23),(974,'GUAMO',23),(975,'HERVEO',23),(976,'HONDA',23),(977,'ICONONZO',23),(978,'LERIDA',23),(979,'LIBANO',23),(980,'MARIQUITA',23),(981,'MELGAR',23),(982,'MURILLO',23),(983,'NATAGAIMA',23),(984,'ORTEGA',23),(985,'PALOCABILDO',23),(986,'PIEDRAS',23),(987,'PLANADAS',23),(988,'PRADO',23),(989,'PURIFICACION',23),(990,'RIOBLANCO',23),(991,'RONCESVALLES',23),(992,'ROVIRA',23),(993,'SALDAÑA',23),(994,'SAN ANTONIO',23),(995,'SAN LUIS',23),(996,'SANTA ISABEL',23),(997,'SUAREZ',23),(998,'VALLE DE SAN JUAN',23),(999,'VENADILLO',23),(1000,'VILLAHERMOSA',23),(1001,'VILLARRICA',23),(1002,'CALI',24),(1003,'ALCALA',24),(1004,'ANDALUCIA',24),(1005,'ANSERMANUEVO',24),(1006,'ARGELIA',24),(1007,'BOLIVAR',24),(1008,'BUENAVENTURA',24),(1009,'GUADALAJARA DE BUGA',24),(1010,'BUGALAGRANDE',24),(1011,'CAICEDONIA',24),(1012,'CALIMA',24),(1013,'CANDELARIA',24),(1014,'CARTAGO',24),(1015,'DAGUA',24),(1016,'EL AGUILA',24),(1017,'EL CAIRO',24),(1018,'EL CERRITO',24),(1019,'EL DOVIO',24),(1020,'FLORIDA',24),(1021,'GINEBRA',24),(1022,'GUACARI',24),(1023,'JAMUNDI',24),(1024,'LA CUMBRE',24),(1025,'LA UNION',24),(1026,'LA VICTORIA',24),(1027,'OBANDO',24),(1028,'PALMIRA',24),(1029,'PRADERA',24),(1030,'RESTREPO',24),(1031,'RIOFRIO',24),(1032,'ROLDANILLO',24),(1033,'SAN PEDRO',24),(1034,'SEVILLA',24),(1035,'TORO',24),(1036,'TRUJILLO',24),(1037,'TULUA',24),(1038,'ULLOA',24),(1039,'VERSALLES',24),(1040,'VIJES',24),(1041,'YOTOCO',24),(1042,'YUMBO',24),(1043,'ZARZAL',24),(1044,'ARAUCA',25),(1045,'ARAUQUITA',25),(1046,'CRAVO NORTE',25),(1047,'FORTUL',25),(1048,'PUERTO RONDON',25),(1049,'SARAVENA',25),(1050,'TAME',25),(1051,'YOPAL',26),(1052,'AGUAZUL',26),(1053,'CHAMEZA',26),(1054,'HATO COROZAL',26),(1055,'LA SALINA',26),(1056,'MANI',26),(1057,'MONTERREY',26),(1058,'NUNCHIA',26),(1059,'OROCUE',26),(1060,'PAZ DE ARIPORO',26),(1061,'PORE',26),(1062,'RECETOR',26),(1063,'SABANALARGA',26),(1064,'SACAMA',26),(1065,'SAN LUIS DE PALENQUE',26),(1066,'TAMARA',26),(1067,'TAURAMENA',26),(1068,'TRINIDAD',26),(1069,'VILLANUEVA',26),(1070,'MOCOA',27),(1071,'COLON',27),(1072,'ORITO',27),(1073,'PUERTO ASIS',27),(1074,'PUERTO CAICEDO',27),(1075,'PUERTO GUZMAN',27),(1076,'LEGUIZAMO',27),(1077,'SIBUNDOY',27),(1078,'SAN FRANCISCO',27),(1079,'SAN MIGUEL',27),(1080,'SANTIAGO',27),(1081,'VALLE DEL GUAMUEZ',27),(1082,'VILLAGARZON',27),(1083,'SAN ANDRES',28),(1084,'PROVIDENCIA',28),(1085,'LETICIA',29),(1086,'EL ENCANTO',29),(1087,'LA CHORRERA',29),(1088,'LA PEDRERA',29),(1089,'LA VICTORIA',29),(1090,'MIRITI - PARANA',29),(1091,'PUERTO ALEGRIA',29),(1092,'PUERTO ARICA',29),(1093,'PUERTO NARIÑO',29),(1094,'PUERTO SANTANDER',29),(1095,'TARAPACA',29),(1096,'INIRIDA',30),(1097,'BARRANCO MINAS',30),(1098,'MAPIRIPANA',30),(1099,'SAN FELIPE',30),(1100,'PUERTO COLOMBIA',30),(1101,'LA GUADALUPE',30),(1102,'CACAHUAL',30),(1103,'PANA PANA',30),(1104,'MORICHAL',30),(1105,'SAN JOSE DEL GUAVIARE',31),(1106,'CALAMAR',31),(1107,'EL RETORNO',31),(1108,'MIRAFLORES',31),(1109,'MITU',32),(1110,'CARURU',32),(1111,'PACOA',32),(1112,'TARAIRA',32),(1113,'PAPUNAUA',32),(1114,'YAVARATE',32),(1115,'PUERTO CARREÑO',33),(1116,'LA PRIMAVERA',33),(1117,'SANTA ROSALIA',33),(1118,'CUMARIBO',33);

/*Table structure for table `contactos` */

DROP TABLE IF EXISTS `contactos`;

CREATE TABLE `contactos` (
  `id` int(10) NOT NULL AUTO_INCREMENT,
  `identificacion` varchar(30) NOT NULL,
  `nom_representante` varchar(60) NOT NULL,
  `contacto_principa` varchar(15) NOT NULL,
  PRIMARY KEY (`id`)
) ENGINE=InnoDB AUTO_INCREMENT=3001 DEFAULT CHARSET=utf8;

/*Data for the table `contactos` */

insert  into `contactos`(`id`,`identificacion`,`nom_representante`,`contacto_principa`) values (1,'47912267','Cody Lorenzo','4388622737'),(2,'21809019','Grantham Blumire','9486628980'),(3,'8912144','Sergio Balmadier','3398026097'),(4,'46679977','Christie Partner','4679683823'),(5,'18901903','Zoe Tourner','4475036378'),(6,'29713272','Kimbra Mayzes','7124757347'),(7,'23773458','Cordie Renbold','2151988568'),(8,'35312115','Danny Rosenstein','5962808672'),(9,'36685762','Teena Hember','5952203173'),(10,'46294256','Anastasie Oldacre','2611438156'),(11,'9548553','Birdie Wye','6043969420'),(12,'38879546','Sada Wickman','4951041479'),(13,'42431731','Mikael Weir','2325357134'),(14,'22480725','Stoddard Guare','2864882961'),(15,'22778040','Kalila McCuish','1506622314'),(16,'23917135','Jdavie Babber','3733578872'),(17,'13323862','Leese Point','3349820360'),(18,'32269986','Angeline Meese','8291723087'),(19,'33121074','Caryl Rollins','7849785680'),(20,'11218645','Evyn Pfeffle','3139978939'),(21,'43846349','Sutherlan Kliner','2269041519'),(22,'44095894','Fanny McBeith','9232236374'),(23,'36426929','Sutherland Apfel','7285541289'),(24,'18750107','Tamarah Acome','2268274275'),(25,'40824462','Kessia Trinder','8161671539'),(26,'45877097','Jimmy Smogur','1859769235'),(27,'39151823','Olympia Baber','4875178006'),(28,'15275426','Agathe McCosker','3155336154'),(29,'20824096','Inge Landes','1421263934'),(30,'32146374','Lindsay Lorden','8128781959'),(31,'37674988','Lutero Pethybridge','4251938062'),(32,'42970723','Van Marl','5011835730'),(33,'38227472','Olivier Boriston','8665920582'),(34,'34943273','Terri Berndsen','1608969901'),(35,'11380973','Kathrine Wilfing','9988954212'),(36,'29120784','Tamarra Darlington','3828234535'),(37,'28257698','Joli Roderham','5029406358'),(38,'27124088','Gerhardine Fleisch','9146065970'),(39,'22552516','Hymie Meiklem','1394308545'),(40,'12919289','Mamie Forsythe','8533849917'),(41,'32033770','Maurine Lacky','9879175074'),(42,'36142596','Tannie Pavolillo','9414617857'),(43,'20431245','Thorvald Hadcock','1895930615'),(44,'45580321','Kaiser Sutor','7973369215'),(45,'25375046','Carola Wilby','6238434924'),(46,'37174812','Devin Desmond','4876170070'),(47,'45559298','Janeva Harce','1568798142'),(48,'30718882','Bobine Coey','3984577246'),(49,'18750440','Carce Trynor','2047257392'),(50,'19008968','Micheil Tuxsell','4915089636'),(51,'46984961','Rossy Kelloway','1768052147'),(52,'30016032','Roland Broxap','7366141406'),(53,'40542111','Tam Attwell','6662408641'),(54,'44393795','Nata Pellant','1039801319'),(55,'21419710','Carmita Lelliott','8703787195'),(56,'44047247','Dru Paxforde','3895969530'),(57,'27752630','Durant Hendrich','1071473540'),(58,'26121898','Claybourne Froment','6648915319'),(59,'36958009','Letizia Goretti','2315752025'),(60,'16290789','Beatrisa Spreadbury','8622579756'),(61,'48688413','Ashley Surmeyers','1228566137'),(62,'20053300','Donella Amyes','3656999167'),(63,'32734440','Penny Kender','6752915417'),(64,'43911081','Pen Smalman','4288054173'),(65,'45532748','Molly Kewley','5734426955'),(66,'45353046','Lezley Abrey','9121823561'),(67,'35508200','Neville Maric','2543987150'),(68,'16644459','Cyndy Mabbett','2897091362'),(69,'46951927','Maure Fice','1397761188'),(70,'13880743','Rex Ingreda','4376343332'),(71,'14394717','Ardelia Lehrahan','9819661533'),(72,'31044219','Hanna Payton','6605212702'),(73,'10581293','Svend Summers','6153615618'),(74,'21450569','Lorelei Corsham','3798919827'),(75,'42104078','Bliss Parsonson','1766291574'),(76,'45711871','Cookie MacMakin','8102981893'),(77,'14000812','Jenda McIlharga','4321276132'),(78,'29002377','Marietta Gillitt','8746510496'),(79,'11503467','Aura Riddich','5014515507'),(80,'36697575','Albertina Cuchey','5319880653'),(81,'43163358','Eula Gwioneth','9341836427'),(82,'44434057','Kassia Downham','7361923450'),(83,'49635940','Magdalen Glanfield','6512816273'),(84,'32802793','Duky Waylen','6619874192'),(85,'37621467','Kaspar Kuhnel','2633417881'),(86,'36192358','Tedra Bardill','6871580977'),(87,'47269694','Michelle Rawkesby','1142498799'),(88,'44563736','Neddy Bottelstone','9726263542'),(89,'44485772','Sharai Magwood','4959945626'),(90,'45599237','Juliann Sangar','1214423038'),(91,'48827424','Otis Goodbur','9693273570'),(92,'49275931','Zared Siggins','6634061462'),(93,'14879064','Etty Kuzma','7082638351'),(94,'33182644','Abbot Sabberton','7268138638'),(95,'18942978','Alverta Cushe','8924568253'),(96,'28557698','Steward Smout','7027717110'),(97,'23110436','Jourdan Meachan','6952297435'),(98,'17545598','Madel Skittreal','2741269402'),(99,'34414813','Erroll Ginnane','1721511453'),(100,'44522626','Ronalda Fabbro','9071786791'),(101,'11417034','Neely Hyndley','5787369895'),(102,'16348280','Alisha Headington','1962427380'),(103,'39387162','Shanna Crankhorn','7419832419'),(104,'46523394','Nico Sills','3469644554'),(105,'28475798','Tresa Vittle','3724025646'),(106,'17091994','Frans Rycroft','7866130704'),(107,'25996027','Kathy Fraulo','7221702069'),(108,'29528415','Sammy Dawltrey','4438423537'),(109,'46048402','Ruy Humpatch','9969419699'),(110,'19421621','Johann Blasing','9031110714'),(111,'34049202','Reinhold Bedbury','4343195601'),(112,'44639548','Amaleta Armer','4153297447'),(113,'39792861','Arnuad Utting','8355034450'),(114,'34715287','Timmy Linkie','9756260117'),(115,'11929762','Gilberta Bristo','9358928929'),(116,'19344849','Darb Kincla','2204382931'),(117,'37706895','Bobbye Garfield','4813480540'),(118,'33910167','Staffard Doumic','8768862963'),(119,'42570616','Bertine Rouse','1109923983'),(120,'23951987','Keely Woolston','5983431233'),(121,'29484829','Costanza Bolingbroke','4069541302'),(122,'49847108','Mabel Luckman','4069017770'),(123,'44970593','Anatol Giovanni','7393967955'),(124,'21957462','Saunderson O\'Docherty','6181792716'),(125,'12594513','Clyde Thurbon','3919973750'),(126,'21259262','Laurent Synder','9307684229'),(127,'30848868','Cass De Rechter','5142637902'),(128,'35454934','Bud Aberdein','7398241128'),(129,'22142207','Reginald Yearn','6609841076'),(130,'48251059','Ewan Lunny','9589325817'),(131,'8211855','Mycah Rosenschein','9156748554'),(132,'22954618','Kippie Learie','4792679189'),(133,'33210500','Sarah Boon','7944492705'),(134,'11622895','Dallon Eldrid','1996080021'),(135,'30603391','Claretta Menci','7482781434'),(136,'47833005','Laverna Eakens','7334002801'),(137,'49120068','Ringo Sansum','1949064762'),(138,'20605682','Rhianon Philipp','3905037453'),(139,'38109571','Christoper Wallentin','7748365902'),(140,'26401271','Katusha Dorre','9672557223'),(141,'35226768','Sonni Olerenshaw','5277775969'),(142,'35853684','Drusy Hopkins','1712329230'),(143,'43208496','Iver Vautin','6708368027'),(144,'20473506','Carmina Moorwood','2472552598'),(145,'8559268','Seana Gavaghan','6919727116'),(146,'12029701','Barry Panks','6078391234'),(147,'32728087','Dulsea Clymer','2835007864'),(148,'11070019','Krisha Pablos','5953146533'),(149,'26957718','Jarrid Curtin','2826658574'),(150,'23171444','Terry Cathcart','5942079474'),(151,'20962341','Heda Berringer','6958748835'),(152,'24671219','Nita Baron','5567221286'),(153,'25238523','Jeniffer Gilvary','3468433130'),(154,'47663777','Ertha Ogden','2217243584'),(155,'39262329','Karla Madgin','3609853501'),(156,'48437094','Linda Sabater','4798154945'),(157,'46799231','Gwendolen Meuse','1632350779'),(158,'47819727','Krystal Plait','2657638294'),(159,'31437023','Beryl Benedit','7712350789'),(160,'19139869','Trumann Boggish','4924713703'),(161,'24678603','Rina Comben','6976254722'),(162,'13465982','Carmine Scurrey','2457735638'),(163,'31885248','Ailey Heaney`','4254951203'),(164,'37054610','Augusta Chasen','4693779013'),(165,'47928533','Del Zannotelli','3084185534'),(166,'42922928','Khalil McCardle','2468710294'),(167,'42947566','Stirling Kilford','3361083053'),(168,'37408872','Cazzie Jacquemot','1603358642'),(169,'42073930','Alyss Leathem','1513085437'),(170,'11899666','Serene Chauvey','9154653543'),(171,'28010037','Cassie Novotne','3195928317'),(172,'33593221','Codi Grosvenor','2892452959'),(173,'10873715','Ronnie Huster','5938584342'),(174,'34158678','Evin Mein','5015301463'),(175,'13856575','Reyna Andor','8664840671'),(176,'37525103','Nickolaus Swindlehurst','1544390106'),(177,'13846169','Leighton Rosten','3825393196'),(178,'41619851','Roderigo Pyper','9336477701'),(179,'19543931','Heinrik Jerche','2812002961'),(180,'48380025','Laure Janaud','8143194403'),(181,'31865413','Meggi Budibent','3066871512'),(182,'29188307','Whitney Fenkel','7782469313'),(183,'17188831','Phil Bail','2286573013'),(184,'16858740','Geno Donisthorpe','4091590092'),(185,'39836081','Quintina Thresher','3731888252'),(186,'14435815','Gerhardine Broome','3915567298'),(187,'33652206','Phip Pinhorn','8012871487'),(188,'8246980','Jewell De Bell','7393569760'),(189,'38758243','Tuesday Laxen','7978927321'),(190,'41581242','Caryl Gozzard','6707405823'),(191,'40557879','Sheilakathryn Duetschens','4338640731'),(192,'32324709','Ashla Nickolls','4062029587'),(193,'21685231','Nannette Oehm','6601489460'),(194,'48709655','Wilow Brackpool','8038267641'),(195,'41209109','Lila O\' Neligan','8881838206'),(196,'21163455','Lucien Godber','8515487777'),(197,'38648366','Rickie Tawse','3083498691'),(198,'32944553','Maud Rosenfield','8749867195'),(199,'33075948','Mead Judgkins','1834411976'),(200,'39145663','Daisie Bent','7445838404'),(201,'10703874','Otes Luchelli','8526025239'),(202,'45811734','Brier Chaffin','4967361248'),(203,'28022019','Murry Wardel','4925931942'),(204,'13982186','Caryn Antonellini','9013041130'),(205,'21624983','Jakob Olanda','4325145105'),(206,'11122774','Alanson O\'Feeney','7116432953'),(207,'37680621','Bret Mortimer','3037042828'),(208,'33182492','Dagmar Polak','2412214647'),(209,'31495154','Alva Giles','6929271339'),(210,'48544332','Dawna Fielding','3004089717'),(211,'13087730','Bealle Iczokvitz','2495618463'),(212,'16047458','Hildegarde Hutson','7917610892'),(213,'19577644','Sayres Silk','9587712061'),(214,'15425045','Rubetta Coates','6155270540'),(215,'41699049','Alleyn Hilley','3809372495'),(216,'41772560','Job Extall','4502520067'),(217,'23922588','De Scotchbourouge','5039281658'),(218,'33656724','Maddy Mockford','9381294767'),(219,'9537934','Bobbe Selwin','3006339107'),(220,'34998503','Giffie Jerred','2296034155'),(221,'26686658','Lanni Scutching','2152049072'),(222,'25418945','Mureil Balch','2406516411'),(223,'47533999','Judye Newtown','9729636484'),(224,'19599089','Miner Salomon','7615104238'),(225,'42165553','Duffy Littley','2611215130'),(226,'27703899','Benny Bernasek','7318694123'),(227,'30233976','Christy Jaegar','3799293645'),(228,'8562279','Blakelee Cerith','4468852907'),(229,'38061852','Marget Mayo','7164955816'),(230,'48614985','Cornela Testin','5154773912'),(231,'12511998','Gilbertine Vanyushin','6713816518'),(232,'46380293','Joane Thandi','2433236957'),(233,'32927100','Ilysa Fuzzard','8853078176'),(234,'38415485','Fitzgerald Waddilove','3549488378'),(235,'13592548','Zarla Bowfin','2412072101'),(236,'20111558','Dannie Stonbridge','3918326871'),(237,'49482464','Gale Fairlam','7718531976'),(238,'16591570','Morry Randerson','4764049904'),(239,'28493508','Marion Tippett','7964319765'),(240,'39750887','Ivar Symcox','7731047114'),(241,'25593899','Jerome Mattson','4176083553'),(242,'27640864','Larina Skahill','3533527957'),(243,'31368685','Rusty Gawkes','3295858449'),(244,'48734522','Boy Shrieve','7232612742'),(245,'29867622','Maxie Lyness','3172751706'),(246,'18337968','Marylee Bushnell','1761919870'),(247,'32904035','Malina Spens','6159879638'),(248,'31750203','Gavrielle Cathersides','9913129639'),(249,'25985633','Sampson Rossoni','9563498896'),(250,'36646665','Robbi Longfoot','9966600240'),(251,'17234277','Elsworth McLukie','6072182415'),(252,'39028466','Owen Donkersley','9721470912'),(253,'24864122','Nevil MacAdam','8964873616'),(254,'29240901','Rozalie Butterley','9083993013'),(255,'11569139','Caddric Powe','2601321213'),(256,'8227364','Waldemar O\'Doghesty','9866893843'),(257,'30029991','Dorena Sharphouse','6085308988'),(258,'42018265','Inge McCourt','7727402835'),(259,'36807830','Jordanna Fewlass','1842469410'),(260,'25118789','Bree L\'Amie','9318033089'),(261,'18265941','Ellary Campo','5237052027'),(262,'43978401','Valle Bliss','9789118122'),(263,'20730549','Fonzie Harvie','7562520888'),(264,'31062314','Violante Nan Carrow','3687844393'),(265,'14504547','Gherardo Jore','4479206546'),(266,'45548975','Sallyanne Sandon','1359196661'),(267,'13952211','Krissy Kinder','5908102947'),(268,'42079486','Phyllys Offener','3033747071'),(269,'28874658','Casey Dalton','6375604733'),(270,'25752719','Halette Lewson','3862501120'),(271,'48693530','Maximilien MacTrustrie','7554975087'),(272,'22928045','Horten Shipman','9539214921'),(273,'37731542','Taylor MacCaughan','7827945980'),(274,'32632269','Bevin Jaggli','8328486665'),(275,'45492100','Hollyanne Jasiak','3096244363'),(276,'16248184','Loralee Jime','2216926779'),(277,'25651158','Roze Borell','6515210621'),(278,'47986887','Andra Jaeggi','6153698091'),(279,'37505139','Tiphani Shillinglaw','9926355212'),(280,'35351828','Ralph Fillimore','4971630715'),(281,'24692200','Maxwell Kezar','2952414763'),(282,'44895361','Madlin Terzza','2521968861'),(283,'32605705','Talbert Childerhouse','4891109542'),(284,'37615071','Julee Stabbins','4252486956'),(285,'22089773','Lucita Hatcliffe','3495875494'),(286,'43316821','Randell Tomini','9569529211'),(287,'25100047','Ronald Edmund','4655890396'),(288,'30408328','Ginny Bhar','4885236168'),(289,'23069070','Kelcy Herrema','2186818808'),(290,'14077089','Natasha Cabrer','7874530199'),(291,'10729928','Laney Beaven','1324710389'),(292,'11218022','Lucie Evans','3999109464'),(293,'49265817','Elaina Ort','7863805156'),(294,'49882173','Georgie Neillans','2193894549'),(295,'16753095','Glenna Majury','4237324642'),(296,'21023357','Gates Taile','3944052890'),(297,'34851728','Domenico Hupe','5105413892'),(298,'28093978','Marline Southard','2822186054'),(299,'49294565','Stormy Bianco','9683018117'),(300,'26567275','Windham Kohlert','9344247139'),(301,'9541147','Shae Frantz','7846141320'),(302,'29216854','Nadia Cases','3198443889'),(303,'22752310','Ham Sich','3027531074'),(304,'21678611','Conroy Hullyer','1412056484'),(305,'33251327','Jasper Elegood','3358564037'),(306,'16580009','Bella Baron','8115988621'),(307,'36173744','Bjorn Ca','5574849994'),(308,'24579139','Annadiane Gookey','6525795567'),(309,'37746108','Leandra Sainer','3494016654'),(310,'48256368','Jehu Furzer','5703193963'),(311,'29064240','Kiley Rops','1239708187'),(312,'43089885','Hephzibah Lengthorn','6364212613'),(313,'46993664','Milty Glasgow','3956686790'),(314,'27516415','Kienan McCaughran','9325954178'),(315,'42908110','Lyda Drakard','3239480024'),(316,'47995205','Delilah Widmore','2965321154'),(317,'18386290','Jamey Wrist','2688951640'),(318,'13141671','Hedy Khristoforov','2601681668'),(319,'22589824','Maridel Cauthra','6395905374'),(320,'14096596','Urbain Tingey','8004874039'),(321,'25571222','Annadiana Driscoll','4582402560'),(322,'19170128','Benita Yukhnini','7238862269'),(323,'23023325','Hilliary Gillbe','9697366223'),(324,'44362972','Sonnie Vennart','2307675813'),(325,'38062273','Durante Skiggs','2647207377'),(326,'20291355','Dare Perot','8175902993'),(327,'27882613','Hobey Barstowk','7969122979'),(328,'14579897','Randi Cowoppe','1365318085'),(329,'20852677','Kenny Dakers','4932759837'),(330,'44621216','Glenn McPeeters','7111719787'),(331,'37897665','Drona Laraway','4466490981'),(332,'16808876','Pietrek Rosengarten','1565900599'),(333,'26987604','Glenda Matthieson','2189296364'),(334,'16598270','Albina Treffrey','6431657920'),(335,'48395017','Daniel Lindner','9586162142'),(336,'25291590','Kellyann Camamile','6801255798'),(337,'32331391','Garwin Axten','4388035748'),(338,'26265610','Carmita Baalham','4794701442'),(339,'35476080','Reid Varfalameev','7671291729'),(340,'34874829','Ashlee Kilroy','2138177439'),(341,'30744101','Gipsy Dennert','8924833922'),(342,'16497653','Kissee Swyer-Sexey','7758731024'),(343,'45779763','Billy Gillease','5502515067'),(344,'30679859','Kristal Lidgard','5152034669'),(345,'20128934','Ingeborg Kellick','4539963666'),(346,'14534043','Natalee Vogeler','2333492752'),(347,'43824619','Nathaniel Cleaves','3754319770'),(348,'40438449','Deni Leverage','2005245841'),(349,'21259308','Scott McFee','9648538372'),(350,'20327638','Flory Palatini','2285604162'),(351,'47806481','Finn Ruzek','1938539633'),(352,'12556444','Peterus Komorowski','6774660859'),(353,'23333599','Lexy Severwright','2015594285'),(354,'39246904','Ingamar Roundtree','2043394373'),(355,'26810832','Jerrine Largent','9921775396'),(356,'24000505','Thibaud Daughtrey','3425957683'),(357,'26899736','Garwin Macconaghy','2983090866'),(358,'32760736','Blair Lethibridge','4397992046'),(359,'48370637','Nixie Clemmey','1802406106'),(360,'35449562','Trudie Mishaw','6053152732'),(361,'19424925','Toddie Godfree','7452192330'),(362,'38874971','Christye Edlin','8039433281'),(363,'30583520','Adina Biers','2021426444'),(364,'48442281','Danyette Anselm','6647061766'),(365,'29831735','Hollis Kettlesing','5519269952'),(366,'23678144','Gayler Rocca','3201022839'),(367,'13596507','Masha Sweetsur','5504183801'),(368,'28077705','Gallagher Tirrell','5025588605'),(369,'24561568','Baxy Mead','8994047660'),(370,'13252705','Roxi Jolliff','2459445157'),(371,'38797344','Isidoro Purves','1559924182'),(372,'32725688','Giselbert Slatcher','6824913886'),(373,'9559072','Bekki Thursfield','5499456594'),(374,'46098205','Chancey Mobius','7146549167'),(375,'27249009','Von Selvester','1048885832'),(376,'40633010','Brandtr Rude','3937995949'),(377,'9798098','Brendan Idill','7127369444'),(378,'38699602','Elbertine Fley','7894319270'),(379,'40047919','Jory Cufflin','7844726158'),(380,'42895762','Arluene Jeannaud','2629719384'),(381,'30556517','Merill Hambers','7959095355'),(382,'20047668','Grace Cristofano','3217791256'),(383,'9269184','Jerrie Sweeting','2687143129'),(384,'15082218','Lida Dunster','3927194491'),(385,'34781530','Rockie Haydon','2117718731'),(386,'11683032','Georges Mallabund','8099796450'),(387,'17091827','West Kerfoot','7406939095'),(388,'30041878','Jennette Advani','7577112916'),(389,'33747642','Claude Burt','8625279810'),(390,'32659341','Steffen Willimot','6521504064'),(391,'40826916','Alanah Lequeux','6184152976'),(392,'12874957','Rebeca Creelman','1743831017'),(393,'8818237','Adan Dowrey','5659893902'),(394,'12155638','Elsey Vicent','6899376915'),(395,'23154121','Barthel Caren','9091514691'),(396,'30478463','Marissa Gurery','2157913864'),(397,'33401938','Marylynne Mattedi','6006793880'),(398,'35505097','Rianon Gorman','3406588931'),(399,'44892949','Fernando Wellbank','8051384083'),(400,'49969176','Thurstan Agiolfinger','1616347463'),(401,'13180046','Amandie Christiensen','9763022924'),(402,'27383209','Hollyanne Dace','3074331786'),(403,'34389792','Esta Philpott','8682192364'),(404,'17237829','Denise Hallowes','2667100995'),(405,'8740205','Sunny Stryde','1579706733'),(406,'35042933','Cacilia Margaret','9131986309'),(407,'29849678','Delmer Palmer','9708465166'),(408,'42353682','Noll Corrigan','6956822053'),(409,'24135698','Kim Iredale','2029634187'),(410,'47201745','Gibby Mantripp','5729519671'),(411,'27961603','Aldo Smyley','8871551565'),(412,'21362994','Zebadiah January','6533740621'),(413,'38121468','Marinna Bethune','3216833396'),(414,'20804853','Sergei Bartolic','4027389916'),(415,'13589832','Jade Wisbey','7142846400'),(416,'44269668','Daven Piotrowski','2847358429'),(417,'14355156','Maxi Hibling','3245808196'),(418,'27771326','Erroll Mallebone','6055524778'),(419,'46295706','Dredi Hall','2499144430'),(420,'27117503','Tobye McClune','9831095260'),(421,'43496234','Philbert Treffrey','7519324681'),(422,'39536395','Gabie Pozzi','3674628483'),(423,'23293407','Meredeth Fibben','1801015647'),(424,'33974796','Kris Kellard','2404426865'),(425,'44587921','Jaquith Gannicott','2549146384'),(426,'36028638','Henry Deerness','9723447576'),(427,'30777359','Nealon Skottle','5165364110'),(428,'14956928','Ferdie Crowther','1971189328'),(429,'36411128','Salmon Lowing','7916773304'),(430,'33336098','Odella Vigne','5461240703'),(431,'46508300','Mason Prandin','2379218513'),(432,'49260888','Stinky Mc Trusty','9144432013'),(433,'35113896','Sinclair Scruby','9341944844'),(434,'34862961','Kristy Switsur','4568085245'),(435,'22870666','Reilly Dewhurst','5549030046'),(436,'46545680','Devan Hovenden','7222385829'),(437,'11863542','Rainer Leebeter','7877569771'),(438,'27999102','Michelle Matevushev','6917087928'),(439,'26762222','Cornall Kendell','1558408747'),(440,'27357139','Shepard Beames','9955741320'),(441,'40190103','Skipper Wycliff','2139256446'),(442,'23976652','Abelard O\'Feeny','8397069421'),(443,'42518548','Betta Hawyes','1715184471'),(444,'40568051','Brianne Loble','8109489380'),(445,'14795193','Hilliary Soutar','5438532328'),(446,'48453421','Emmalynn Clowton','6039119663'),(447,'38741784','Edee Gray','4732263407'),(448,'45562602','Enos McTrusty','7463757755'),(449,'33983585','Melvyn Arnald','8221699586'),(450,'22124705','Forster Czaple','5117349126'),(451,'17433547','Analise Walles','9153112674'),(452,'16364821','Ring Petroulis','8274252170'),(453,'11766381','Nevin Tonkin','5361961661'),(454,'19232674','Eal Malicki','3028777318'),(455,'42071723','Norean Hardistry','1807584557'),(456,'14520093','Rickey Murfett','4762661148'),(457,'31266668','Corrianne MacKereth','9284248429'),(458,'41042475','Maximo Rolland','9664130247'),(459,'43754180','Raeann Hiland','5744226074'),(460,'39765231','Anna-maria Took','5888163612'),(461,'21623785','Halsey Powe','7062719106'),(462,'39894257','Garold Allain','4954791469'),(463,'48567184','Norma Laurie','4682198468'),(464,'49007199','Ethan Sexten','7971661072'),(465,'44320475','Merrie Flello','5097541406'),(466,'15565249','Hilde Radbourn','4954798517'),(467,'20555816','Maggie Caley','6149245122'),(468,'27610560','Darla Blakeslee','5686934262'),(469,'9531537','Melli Daly','1699488171'),(470,'11914741','Sigfrid Sailer','6481443115'),(471,'8656283','Ginnie Osbidston','6672285537'),(472,'20942015','Moreen Collie','6577719717'),(473,'21312529','Cullin Mussen','8882085090'),(474,'48525803','Irvin de Grey','2628335212'),(475,'14127067','Borg Ferras','7789307652'),(476,'14357553','Calla Dudin','3992115408'),(477,'13155014','Finn Giraudel','3719567167'),(478,'47861860','Samara Bozworth','8123504620'),(479,'20680331','Hernando Stickley','3063740810'),(480,'21628911','Chloris Tolson','8056597245'),(481,'42949478','Wolfy Woodrup','2529279192'),(482,'22795013','Jillian Wolfenden','9548294277'),(483,'24302085','Georgi Catonnet','4538441107'),(484,'24588304','Sheilakathryn Vandenhoff','1842220024'),(485,'39383018','Stefania Nacci','7244884941'),(486,'13849864','Matty Janaway','2116449293'),(487,'47627967','Gustaf Aleksandrikin','9897333781'),(488,'45736638','Audrey Grisdale','2719530485'),(489,'48722105','Lilla Brahms','6078126686'),(490,'27271848','Bettine Izhaky','7648266126'),(491,'9495695','Nola Kingsworth','5205473662'),(492,'18069316','Rab Danher','1821775774'),(493,'34330615','Elly Nettleship','5561585469'),(494,'9694219','Terra Follet','3241397195'),(495,'14128566','Holly-anne Tommis','6855234967'),(496,'36348549','Mariejeanne Batting','8755310269'),(497,'13476567','Talbert Wakeford','2108245912'),(498,'12826820','Gustaf Kerfoot','8693589253'),(499,'44360495','Ariana Duesberry','2178096402'),(500,'20896270','Ingra Keynes','9195532377'),(501,'35468850','Rorke Theyer','5861582401'),(502,'36774120','Merridie Piggins','2154266403'),(503,'29043340','Brook Capaldi','7182450599'),(504,'27849935','Zed Molohan','1652318538'),(505,'25032815','Dugald Stonhewer','5214335240'),(506,'14181823','Gibb Budleigh','8126660853'),(507,'38518959','Mal Dilkes','7448345440'),(508,'19858277','Jacky Grealish','8797344638'),(509,'26872522','Kristy Chamley','2193978302'),(510,'36976757','Kane Inglis','5923431059'),(511,'35547530','Mary Instrell','6752132217'),(512,'14393303','Hatti Thornewill','1191687281'),(513,'12898825','Carlene Patkin','4346849012'),(514,'39024153','Gerek Woodgate','2381092254'),(515,'48866897','Wallace Jeannon','5054957197'),(516,'44651238','Darya Naisbitt','5061863847'),(517,'13688123','Lida Negus','4649948754'),(518,'20137512','Vincents Goozee','3213028798'),(519,'13110002','Dane Drage','5543092351'),(520,'49343111','Zia Doodney','4831343341'),(521,'11985026','Hastie Lodeke','3257175062'),(522,'30337003','Trev Babin','3154891321'),(523,'12191883','Domenico Pray','6639334297'),(524,'13050298','Neron Laity','4768253154'),(525,'38334784','Roberta Cullingworth','1412112687'),(526,'42330289','Joela Iiannone','9378651150'),(527,'20297399','Isis Bradburne','6187449165'),(528,'19557330','Eva Franzonetti','8905631244'),(529,'20885801','Trescha Trainor','7195294217'),(530,'18630229','Marleen Kiossel','1451243184'),(531,'38137126','Jackqueline Janicek','1578651694'),(532,'16742860','Electra Pirolini','9459566980'),(533,'12925179','Kellia Deverille','2822050418'),(534,'41914088','Normy Rubinshtein','9784633125'),(535,'24220386','Nathaniel Haughey','4027111934'),(536,'45047312','Ginnie Ferney','8518605377'),(537,'8619354','Darcee Kilgallen','6411828732'),(538,'36944216','Ewart Dicken','3605014471'),(539,'47796495','Ralph Dogg','1052199062'),(540,'40555099','Marylin Fosbraey','7568428652'),(541,'40880368','Garvy Oades','1669996257'),(542,'14463477','Cammy Hulson','8712460957'),(543,'40658622','Willi Spilling','7872622953'),(544,'13291595','Geneva Schimon','8933618355'),(545,'41614166','Griz Saundercock','9711121442'),(546,'35158700','Sarajane Leese','5176011400'),(547,'28918305','Xylia Dicey','5903708117'),(548,'41156000','Leila Raphael','9037130251'),(549,'48482374','Gerty Moogan','1745811193'),(550,'28058656','Seline Thresh','7585118344'),(551,'18760406','Pascal Stuchbury','7744631615'),(552,'34722843','Beatriz McGahey','3433931699'),(553,'49228320','Darlene Lambot','5494113196'),(554,'15463619','Katie Kniveton','5333764823'),(555,'44834434','Lonna Dono','7654306507'),(556,'32665841','Tremayne Behan','3403783105'),(557,'38716203','Dorey Redhills','6561155098'),(558,'35270287','Gavrielle Counsell','4446381885'),(559,'38587834','Kelcy Wallis','8171721084'),(560,'15382447','Rodney MacGarvey','5732424994'),(561,'33431389','Tyson Cominello','3259839127'),(562,'38384268','Patrice Dragon','5021185097'),(563,'26053810','Garnet Fowley','1143312721'),(564,'16678876','Cedric Chattell','7407669221'),(565,'28523363','Armin Bourgourd','9273269038'),(566,'30729965','Culley Callander','3841755015'),(567,'12394589','Camila Showte','1869656530'),(568,'42958252','Joanna Spohrmann','5787866499'),(569,'30662552','Doralyn Cribbins','3874647325'),(570,'20133544','Jacky Duchenne','6154816747'),(571,'10767706','Aeriela Peyro','6277513318'),(572,'30250239','Lauritz Brabon','2664282189'),(573,'13333054','Raynard Waison','5602298691'),(574,'22338153','Ralf Tivenan','2927779257'),(575,'20004431','Crysta Piola','2718169405'),(576,'49775285','Ashil Hun','9074893392'),(577,'14653693','Ivor Sommerled','2872274121'),(578,'9167766','Ossie Androsik','6628849536'),(579,'33209216','Alessandro Bayne','9246866548'),(580,'42949502','Leonidas Triswell','5521133278'),(581,'41110662','Bobby Ommundsen','5118455930'),(582,'11071059','Chiquia Limpkin','1399329615'),(583,'31501617','Perla Van den Oord','4069060112'),(584,'15017197','Pepillo MacAnespie','2998344989'),(585,'30549704','Lamar Reddecliffe','8971416552'),(586,'32474907','Berry Coniam','2847685044'),(587,'24066678','Trudie Thormann','2801531751'),(588,'23085412','Carma Castaner','4736950398'),(589,'30835914','Rudolph Delahunty','5159221853'),(590,'29008329','Iorgo Lurner','5104654780'),(591,'42982087','Isacco Harbard','9728362725'),(592,'38043721','Nero Poschel','3954770979'),(593,'13083519','Patrice Baudou','9289390919'),(594,'27401175','Sheila Lerer','1936344781'),(595,'45752989','Roldan Smalles','2764890176'),(596,'37668554','Hewet Kynoch','4944317585'),(597,'19005073','Kailey Butchart','5038488331'),(598,'19478921','Aindrea Haggerston','6205835944'),(599,'14252173','Stacia Roobottom','9822111676'),(600,'33872391','Rosalyn Applegarth','7628037983'),(601,'46068662','Jobi Hlavac','9778143906'),(602,'30098173','Lorrin Caffin','6822740420'),(603,'17564262','Sarene Verrier','6824559728'),(604,'35464112','Mellicent Imesson','2637090557'),(605,'34387146','Giralda Butterick','2806014555'),(606,'47243069','Windy Dimelow','1966259741'),(607,'12227921','Birgitta Baggalley','5983629542'),(608,'44369752','Cloris Barnewell','1199084624'),(609,'37367068','Atlante Farman','3239601964'),(610,'29888782','Marcello Rafter','9128758297'),(611,'24024008','Granville Cullivan','8378246562'),(612,'36393166','Scottie Tree','1351787583'),(613,'37936506','Bruce Hanster','7522251148'),(614,'47135088','Maisie Perks','3094046146'),(615,'35618582','Donovan Withey','5434607784'),(616,'8661062','Malynda Burger','3901668384'),(617,'49970177','Jessy Wadwell','5503134773'),(618,'46418097','Pablo Gisburn','5891738070'),(619,'29084313','Orelle Philippon','7489955857'),(620,'26751788','Letisha Gasking','8926566148'),(621,'30355804','Cass Sikora','5325150512'),(622,'47481247','Alaric Waterdrinker','2362477763'),(623,'17519482','Thornie Stannard','3549985525'),(624,'35144007','Dion D\'Abbot-Doyle','6719026347'),(625,'49974730','Darbee Loxdale','3733072139'),(626,'18747751','Gianna Castagnet','1483057248'),(627,'33396285','Burtie Pedlingham','3141983938'),(628,'12652599','Willey Ervin','4838290805'),(629,'36547775','Susanna Coopper','1397034563'),(630,'23454206','Matthieu Cruz','7247638824'),(631,'36169342','Maje Morrallee','7132298862'),(632,'8057540','Lani Siebart','5835688316'),(633,'26692888','Cecilla Santos','2817175022'),(634,'21810123','Carr Diplock','7356131037'),(635,'12506580','Kimbra Bickerdyke','1693097838'),(636,'20595786','Allyn Chalfont','1706042015'),(637,'37023330','Benton Stoite','7901715110'),(638,'46889137','Dorelia Caudelier','1253344813'),(639,'23658114','Alysa Bagguley','8404553345'),(640,'34599439','Emmalynne Huntingdon','9856946253'),(641,'18385363','Elvira Blackly','6412225051'),(642,'32885143','Osborn McGown','4989975355'),(643,'12741831','Manon Proom','5016202362'),(644,'48616054','Kamillah Anelay','9533341747'),(645,'39185136','Archer Cumine','6591871333'),(646,'46688241','Christal Domico','7011117905'),(647,'12665677','Natal Torns','5313564571'),(648,'13060300','Saree Walthew','9163483772'),(649,'18615192','Tamas Pesik','5867122009'),(650,'28108905','Hugues Strutton','3266245076'),(651,'32483952','Ricardo Harnott','2064171480'),(652,'20692168','Oralee Dulen','4068143869'),(653,'26863693','Kaja Frede','1051616180'),(654,'18655484','Darleen Le Count','8818081204'),(655,'15732247','Holli Braybrooke','7297547746'),(656,'36630740','Horton Twidle','3805653614'),(657,'35927318','Inga Bourgeois','1434656108'),(658,'37494443','Derwin Arbuckle','9023659138'),(659,'47057770','Querida Farrier','9658869588'),(660,'9032650','Magdalene Hakking','8705104539'),(661,'14118169','Charley Huddleston','7552320498'),(662,'18415162','Raphaela Keeves','7008749607'),(663,'49210686','Leigh Pentin','8757411737'),(664,'26022091','Tonie Gofton','4987877637'),(665,'28624045','Stephen Fenix','3601942682'),(666,'17752514','Annadiane Pickburn','6644654157'),(667,'39788469','Kaylyn Broadist','4585567671'),(668,'25422159','Phoebe Helks','1252164105'),(669,'46136772','Tucker Mettrick','3887578176'),(670,'38594661','Blane McNerlin','1414767785'),(671,'19443537','Herc MacEveley','9002995345'),(672,'37432792','Ardeen Bloxsome','9155261424'),(673,'23247194','Electra Maddigan','5884946082'),(674,'22123927','Mata Whitwell','1125609806'),(675,'12541094','Sherill Langston','4103479664'),(676,'12501898','Arri Varvell','6354424442'),(677,'36150595','Alia Richardet','5098989540'),(678,'36145180','Malva Capnerhurst','6405363962'),(679,'23858628','Lesley Fahy','9143676736'),(680,'9865810','Burgess Samways','8329572126'),(681,'26165758','Aron Hazeldene','1379122804'),(682,'21543951','Neale Magwood','8913129959'),(683,'21087710','Danielle Roots','6947150334'),(684,'24881182','Freddi Autrie','8003271966'),(685,'36096174','Dorene Chasemoore','8775743956'),(686,'48310753','Lonny Jacob','1547508071'),(687,'36423635','Letizia Oglevie','4479980935'),(688,'44057245','Emory Varty','9211509121'),(689,'30574124','Jessica Maggorini','7302208755'),(690,'22265572','Claudio Chattoe','1249198121'),(691,'25891969','Hakim Rosengart','3397197220'),(692,'23291852','Eugene Defraine','7825643915'),(693,'12699406','Gwyneth Plank','7288130129'),(694,'45932448','Phelia Barents','8426002208'),(695,'46847075','Demott Danilovich','9212771482'),(696,'44957998','Merrill Moynihan','9494748286'),(697,'13437601','Adrian Sanders','9277725007'),(698,'23028865','Toddie Tanswell','4525177413'),(699,'19362268','Martie Louys','7761470957'),(700,'45843648','Regina Clarkin','2466636364'),(701,'49649930','Barry Hawksby','7373631695'),(702,'9865084','Sharlene Stillman','4662840555'),(703,'16077964','Cory Condy','8202401639'),(704,'22868465','Vanna Di Bernardo','3455513117'),(705,'42012904','Melisande Middlehurst','3718061758'),(706,'32631559','Emyle Blaxall','8883931900'),(707,'23709724','Brandy Hardacre','1732671227'),(708,'42406903','Vi McKenzie','8326744073'),(709,'16213952','Florette Muskett','7288588372'),(710,'33877387','Austin Pulteneye','3635255130'),(711,'43150907','Deonne McBoyle','1486124905'),(712,'39541621','Florrie Tummond','3846506954'),(713,'46980076','Rayner Janiszewski','7953319058'),(714,'38634928','Si Couldwell','8573173233'),(715,'20073847','Cassie Livett','6406870562'),(716,'23618227','Mikkel Hirthe','7157195939'),(717,'14025180','Melba Broxup','4652261715'),(718,'13574423','Duane Castiblanco','1418620543'),(719,'47283550','Duffy Gentry','3556244466'),(720,'30306323','Adolf Thorsen','5059236084'),(721,'29007007','Jesselyn Burbank','6151225993'),(722,'37464067','Darrell Shelton','4785528485'),(723,'29773751','Lemmy Crame','8423915452'),(724,'8956623','Patrica Clifton','2822027408'),(725,'27627025','Claus Haddeston','8571391570'),(726,'11937684','Philomena Probat','9235627038'),(727,'22515022','Leoine Tillerton','3959777366'),(728,'23214633','Fonz Rigts','6027745128'),(729,'9821647','Sybil Polkinhorn','3304158347'),(730,'21063349','Adams Glasser','5975665222'),(731,'28326505','Terence Camilleri','4816121036'),(732,'18267272','Hamish Halfhead','8383156846'),(733,'17388687','Cheston Hurch','1794113082'),(734,'46856947','Wileen Habden','4414885065'),(735,'16018818','Elton O\'Corrane','4724005230'),(736,'25773972','Melvin Stallworthy','7003084006'),(737,'38171039','Mac Danels','5075530926'),(738,'49678078','Ricard Van Leijs','9261809288'),(739,'47416492','Iolande Henrys','3661766864'),(740,'16452528','Audrye Brede','4347993661'),(741,'41368409','Annmaria Putten','9613811448'),(742,'12543237','Sansone Boldison','7073110218'),(743,'34411566','Rodrigo Armit','5234015125'),(744,'28989829','Dale Lampert','2348684424'),(745,'27470155','Odelle Van Weedenburg','1528432822'),(746,'27583405','Chelsey Breheny','8221697703'),(747,'23484411','Ambur Sherville','5074271328'),(748,'42236917','Orson Swayne','4842229118'),(749,'48479245','Aluino Fardo','6867040306'),(750,'42242154','Jacob Colloff','7614587991'),(751,'39886586','Horten Clee','1728159931'),(752,'24294481','Valentia Craise','6136148810'),(753,'30983581','Gasper Weth','9846518768'),(754,'17643144','Bennie Plester','8284214279'),(755,'16000297','Rudyard Lakes','6716325928'),(756,'34881169','Cyrus Warde','8211827008'),(757,'41055929','Nancy Ranscome','1941846575'),(758,'38399335','Sigismund Pumphreys','3353543855'),(759,'27439080','Susannah Petley','4574926388'),(760,'43759105','Jeffry Ismead','2963410901'),(761,'13067492','Bronson Pree','6544144714'),(762,'29865782','Jaine Rioch','5441068197'),(763,'9446873','Cort Malden','2056348313'),(764,'43546288','Kacie Robke','3959505328'),(765,'37559905','Ole Schule','2635566391'),(766,'16433920','Sibylle Tibbits','9745301394'),(767,'18863803','Dawna Howle','3724975223'),(768,'46315255','Dyan Garrould','2018695244'),(769,'18660816','Rachelle Davidovich','5354178771'),(770,'27536364','Micky Barhams','1785064480'),(771,'38791019','Wilbur Lammie','8802956650'),(772,'14739423','Ellary Podmore','6263225113'),(773,'39600776','Michal Casperri','4815498140'),(774,'34334073','Horatia Bosket','5596439857'),(775,'33400651','Sadie Pengelley','4468069222'),(776,'19038188','Cassandre Ghirigori','3166033943'),(777,'16934090','Stephan Bertomeu','9334161056'),(778,'32428205','Inglebert Bickerdike','3934554578'),(779,'39028635','Nance Frascone','5972818397'),(780,'44911311','Jeramey Beatson','1066054195'),(781,'41026579','Susie Moorwood','5676399537'),(782,'18465368','Morry Gianolo','9935401420'),(783,'12722940','Danni Warfield','3509706812'),(784,'26925928','Eal Buckingham','4555411675'),(785,'46125010','Cecilio Powys','7958625973'),(786,'35805777','Lorraine Jannings','1848253954'),(787,'46131576','Boyce Maccari','7996693045'),(788,'48586056','Rockwell Tregien','1589882550'),(789,'34106476','Ivy Burgett','2758013512'),(790,'34474380','Vonni Goucher','4465834122'),(791,'35141330','Jennilee Bagenal','4471853628'),(792,'40684403','Blayne Musla','1139218241'),(793,'46054921','Clarissa Dufour','1347108520'),(794,'18531877','Dexter Skitteral','2547620735'),(795,'40418719','Edin Sinnett','3217133908'),(796,'22311125','Alla D\'Cruze','5821974847'),(797,'25592610','Marieann Buttery','5863769419'),(798,'45176101','Eal Pitney','4454468051'),(799,'28402504','Rriocard Menego','8904372999'),(800,'45965968','Sheri Regina','1978221395'),(801,'42387845','Moritz Lippatt','8735403663'),(802,'21434458','Mattias Pittem','8489154285'),(803,'20217863','Kayla Carter','7338583561'),(804,'15912317','Sue Chazette','8925999660'),(805,'49734065','Sammie Royson','2223637060'),(806,'13643798','Paddie Valentine','1835252758'),(807,'15313103','Electra Ludl','5797593816'),(808,'26185199','Lucilia Smaile','7806049837'),(809,'8885723','Reggi Trussell','2038082431'),(810,'14528108','Hyacinthie Sheirlaw','4792658268'),(811,'46322454','Orbadiah Hanwright','5235664796'),(812,'20797706','Dianna Deyes','6008170141'),(813,'28651501','Dominica Anetts','9609041700'),(814,'37184320','Hildagard Shotboult','1189774880'),(815,'16588646','Ransell Burgwyn','7607534061'),(816,'31686158','Orson Lodovichi','9171072383'),(817,'35875271','Madeleine Tampling','9224405983'),(818,'40480478','Timmie Pyper','2433595209'),(819,'9804783','Bev Pavis','5133791005'),(820,'42443024','Emmy Gegay','6187603273'),(821,'26275982','Walsh Bannister','4221437387'),(822,'32368246','Paxton Sproule','4799317492'),(823,'19916692','Corabel Gouinlock','6066479564'),(824,'9646875','Aprilette Grishukhin','1151545327'),(825,'48904089','Layla Fearfull','4673280545'),(826,'13380150','Mayor Stife','8524276444'),(827,'18302196','Oralle Briggdale','2348159283'),(828,'36908059','Rosie Abrahmer','2741213465'),(829,'12536912','Karoly Gilkison','2234919541'),(830,'48793958','Melvyn Burren','2716250478'),(831,'8122403','Meyer Daunay','8894748505'),(832,'37493221','Hildagarde Willman','6409667547'),(833,'26395615','Vikky Durdan','6057400303'),(834,'35103411','Olympe MacAvddy','4858968073'),(835,'23354373','Carly Mulqueeny','2164279058'),(836,'40879914','Lauralee Tumielli','6908653700'),(837,'47385522','Bourke Housecroft','3406119428'),(838,'19631566','Murielle Holleworth','2232248608'),(839,'21263035','Lucais Struijs','8447113098'),(840,'28301993','Gunther Wall','1808650541'),(841,'30434600','Loree D\'Ambrogi','4896677357'),(842,'47444909','Chloris Broadwood','8448079621'),(843,'16182415','Danit Clixby','9247844792'),(844,'38104517','Brandice Dilloway','1782051664'),(845,'12659723','Ingmar Woehler','2916433671'),(846,'28037816','Carson Haxby','2035314778'),(847,'12765096','Cassie Vivers','8411656835'),(848,'45647815','Gilbert Le Sarr','9264053419'),(849,'42607345','Giacopo Huntress','2181549068'),(850,'34955724','Waite Iapico','3784814035'),(851,'27013514','Elisabeth England','7949825918'),(852,'46922100','Freddy Gowans','4049244155'),(853,'39157217','Gus Hindsberg','3158405167'),(854,'37197029','Bjorn Streat','1474580038'),(855,'32292331','Lynnette Carnegy','5263341979'),(856,'26179467','Irving Ishchenko','7889065175'),(857,'22519060','Sabine Woollhead','2078613760'),(858,'16607276','Kennie Wales','1667735812'),(859,'42225031','Billie Freeburn','7767037796'),(860,'45448235','Rosalynd Lago','2729806828'),(861,'28966860','Bliss Gossage','4764589592'),(862,'29246403','Lefty Fiorentino','2649555235'),(863,'36866860','Florence Ionnidis','2353498359'),(864,'15883097','Obidiah Sullly','8161455431'),(865,'25756843','Monika Ashleigh','4463589038'),(866,'10218538','Lou Milthorpe','2538297933'),(867,'23732219','Isaiah Coulston','7158426909'),(868,'30674647','Christoph Jefferys','1888713281'),(869,'15501919','Greggory McCormack','6046483178'),(870,'35941577','Winny Heaviside','7563706656'),(871,'11313469','Venita Flanders','7815564915'),(872,'42416845','Philip Spyvye','6523208038'),(873,'46696480','Nehemiah Shilburne','4955500252'),(874,'18028932','Lindsay Lauxmann','2458142750'),(875,'22279986','Jany Phelit','9244602057'),(876,'18023094','Corey Guierre','7918333904'),(877,'44567825','Barth Cheal','5069513303'),(878,'36304318','Ernestine Lubbock','1003960764'),(879,'37800114','Chrissie Duplain','9258205357'),(880,'16162117','Abbe Andre','5915812465'),(881,'30801563','Rollo McClinton','5285287592'),(882,'16477698','Hubie Wyman','9946839998'),(883,'39985206','Lorilee Shortall','8131084779'),(884,'29351884','Kean Jiracek','4637799942'),(885,'20890192','Alleen Dessant','7014434330'),(886,'37106820','Tracy Bullerwell','8147760304'),(887,'32519918','Risa Rawsthorn','4186882414'),(888,'43546002','Nicol Matzen','4451346802'),(889,'18761394','Felecia Bartol','9525380624'),(890,'19364525','Gordon McCurley','6584644015'),(891,'27625877','Lea Winslett','1074720825'),(892,'48108402','Marty Nenci','4999183403'),(893,'39678210','Gabriello Chattington','2395478655'),(894,'26066335','Anet Duddan','2922124373'),(895,'24367518','Charlotta Keddie','5062801214'),(896,'38507548','Cybill Brychan','6299943166'),(897,'27705210','Jan MacCoughan','6467053920'),(898,'40990090','Nari Asson','2757162262'),(899,'45735001','Merilee Dutnell','9983115405'),(900,'45499690','Alix Fulham','9823390069'),(901,'21313689','Faustine Granger','9249331516'),(902,'37776897','Michele Beaves','6337226703'),(903,'28836390','Dory Broadley','3104059349'),(904,'31875515','Emera Lehrer','6615069109'),(905,'20509906','Guglielma Riggulsford','6267820379'),(906,'39766817','Harrietta Niessen','7228997485'),(907,'19834393','Gene Blemen','2005253744'),(908,'49514829','Benedict Aimson','3272999789'),(909,'16465092','Lyn Peace','8184788652'),(910,'9955436','Roderick Maurice','3191896526'),(911,'45097209','Essy Jewise','6672020624'),(912,'29389148','Colman Yesinov','1277484312'),(913,'49559866','Audry Union','6464135715'),(914,'23297997','Sol Poncet','3568905777'),(915,'28235986','Mitzi Twelvetree','1634880589'),(916,'42898427','Dixie Lisimore','3405455785'),(917,'43457036','Carlie Claybourne','6986272122'),(918,'36665612','Ingrid Seely','6594386843'),(919,'46565121','Dore Eilles','1702503375'),(920,'47037813','Alissa Klos','9635224204'),(921,'16710689','Tobie Kleinsmuntz','1017100094'),(922,'15162682','Robby Binny','1667982920'),(923,'13767188','Bud Gottelier','8129943244'),(924,'34004931','Wyatan Burbury','1779222165'),(925,'17128978','Muire Izchaki','9804225250'),(926,'25918023','Deedee Geill','4987916932'),(927,'11897395','Sophey Drowsfield','1106300053'),(928,'26786787','Darbee Scinelli','1753985625'),(929,'38549231','Bette O\'Hoey','4783591138'),(930,'25702309','Clarey Garrals','2911433277'),(931,'44507712','Northrop Emlyn','1461915062'),(932,'9567561','Merrel Calrow','2616666217'),(933,'35325656','Gordon Vasilchikov','1671529471'),(934,'12999360','Adella McCane','1313723167'),(935,'45921119','Hilliary Jelleman','2335060253'),(936,'36605522','Ansell Aviss','4249305171'),(937,'42697418','Idelle Shayes','2748838188'),(938,'24030806','Valencia Friskey','9329998092'),(939,'15670164','Ali Bunt','4418278625'),(940,'17189884','Alanson Eayrs','4636072507'),(941,'13505260','Cross Pocock','8974726363'),(942,'9307045','Vere Tylor','9126684715'),(943,'20259604','Ramona Suston','8149190320'),(944,'43824645','Monika Colloby','9115520124'),(945,'45618844','Jacklyn Croome','4922390001'),(946,'31213239','Parker Clemintoni','9089391460'),(947,'19027477','Faber Bixley','5983495395'),(948,'48493115','Rahel Dekeyser','1061638172'),(949,'9083813','Yoshiko Chilver','8905258389'),(950,'14068141','Javier Gildroy','2917379562'),(951,'33206771','Jemmie Leggon','7634516328'),(952,'39992965','Dulcy Siddaley','2958258629'),(953,'13970319','Amalia Cauley','7985097811'),(954,'45508993','Quinton Furmonger','9671363370'),(955,'13452384','Cassius Keough','6197048910'),(956,'22934065','Clevey Burnyate','9309941042'),(957,'19474314','Ninetta Cowcha','8774679466'),(958,'13856248','Pearline Durdy','9448524512'),(959,'42000268','Sibeal Dockree','9316305086'),(960,'34681463','Ewell Cornill','8995594188'),(961,'27273439','Angelle Gergher','6388389916'),(962,'33169855','Garrick Chandler','3592981836'),(963,'13962055','Deirdre Maymond','7106696976'),(964,'12189823','Flori Greedy','1736957430'),(965,'46105812','Terrell Knellen','1465839457'),(966,'48794233','Cammy Mantripp','6826020651'),(967,'38964393','Martina Sone','9663538526'),(968,'40458689','Noelyn Allin','8719393162'),(969,'46594657','Liane Delue','7375409416'),(970,'38435713','Elka Troop','5027626234'),(971,'48256970','Sanders Lunny','5379612932'),(972,'29223532','Pier Tribbeck','7153814536'),(973,'21365261','Martita Manderson','1164571595'),(974,'21872334','Valida Hugett','1031538381'),(975,'39084956','Zenia Lievesley','7818173783'),(976,'16452144','Elysia Frick','6995323152'),(977,'43270893','Hilde Epton','4482435248'),(978,'44584553','Zacharias Kalkofen','3102787263'),(979,'31496655','Bellanca Feore','9855881727'),(980,'16680969','Penrod Winsley','8007801967'),(981,'40875365','Hestia Shailer','6058133766'),(982,'29873006','Obed Broyd','5709910539'),(983,'19076232','Waiter Sooper','4107918799'),(984,'13367229','Lothario Cund','8323366191'),(985,'43001741','Des Bourgeois','7535060246'),(986,'15395441','Yankee Jirek','3112421196'),(987,'8471958','Gena Ledger','3732349324'),(988,'35654886','Arch Shelliday','2465788134'),(989,'16004981','Else Fairfull','4786264273'),(990,'11242630','Joice Lewcock','1533369560'),(991,'25072023','Randy Panas','4128303724'),(992,'41653362','Dyanna Lakey','8243866089'),(993,'11789978','Ceciley Tutt','7035171438'),(994,'27647696','Rebbecca Temprell','9079870170'),(995,'32215072','Towney Satterfitt','9859612451'),(996,'42181575','Cesare Hardwidge','1346629386'),(997,'20545635','Artus Southerell','6117935713'),(998,'22425304','Hyman Schild','6379946861'),(999,'40471469','Esta Maxweell','9499426535'),(1000,'19536477','Benny Swett','8963594690'),(1002,'40648722','Emmey Silby','9042516878'),(1005,'22836691','Mahmoud Throughton','2709690181'),(1006,'30765906','Laurel Ropkins','2979350250'),(1007,'15786791','Barr Wasson','3437685785'),(1009,'11671556','Olga Dottrell','3601205387'),(1010,'18638916','Tailor Jervois','6431834844'),(1011,'12525687','Isobel Poupard','9902074494'),(1012,'10571786','Berkley Barbara','2914547187'),(1015,'42994266','Micheil Terbrugge','5417097094'),(1017,'22546513','Darill Kennerknecht','7768476582'),(1018,'10428766','Aubry Ortes','9856172956'),(1019,'44207137','Garvey Tetsall','2832989301'),(1020,'27053910','Clive Mowett','1743970524'),(1021,'22315610','Gail Khadir','8117920143'),(1022,'39997577','Shanie Piburn','4814914974'),(1024,'48627045','Bird Offener','3492554896'),(1026,'21595867','Yovonnda Vogeller','4946493233'),(1027,'34849407','Olivia Lardeux','2074150879'),(1029,'45217691','Rudd Mars','9414993928'),(1030,'40608636','Ewan Drei','1915729316'),(1031,'48105713','Rudolfo Hardbattle','7179506814'),(1032,'28752540','Sally Wincom','4379662060'),(1033,'19384508','Boycey Daintry','5197011683'),(1034,'32279766','Gregorio Gerrill','9946434644'),(1035,'29711622','Deb Wakenshaw','3965108037'),(1036,'20770966','Jorry Besque','3525495609'),(1038,'38931344','Timotheus Bromehead','8858693251'),(1040,'31402811','Yetta Mandrake','9118959560'),(1042,'9316696','Elsie Scholz','6558558154'),(1043,'41613796','Rhona Gilli','5686484743'),(1044,'10768810','Parry Aikman','1274309155'),(1045,'19373423','Maynord Fellis','9837245583'),(1047,'10252124','Aldon Arni','6585855388'),(1048,'11428888','Gabi Gyves','2136453554'),(1049,'11782144','Shaylyn Syddall','6723358136'),(1050,'14321161','Gayla Luisetti','6327929987'),(1051,'14444038','Dennie Popping','2326699017'),(1053,'14421317','Rochester Redan','6875520093'),(1055,'20264187','Freddy Letchmore','5781844734'),(1056,'16933721','Tanhya Hearmon','5267660579'),(1057,'45468901','Maryellen Tollit','9139572743'),(1058,'15866179','Archibald Eagleton','5265049172'),(1060,'42336927','Alanna Bratt','5427120320'),(1062,'18545307','Kerrie Trye','7885799454'),(1064,'8965800','Kerrill Smithe','2442698570'),(1065,'37549730','Janet Firsby','1558212258'),(1066,'37493977','Shauna Hourihan','8749401832'),(1067,'29995610','Dita Peckett','9576447956'),(1068,'28517483','Darwin Jopson','9117745416'),(1069,'29981443','Cynthea Hofton','3079320547'),(1070,'42893554','Hamel Kares','4859469159'),(1071,'24801234','Hasty Pavluk','5032437064'),(1073,'44454468','Adolpho Boughtflower','2142308300'),(1074,'19106232','Margaretta Bollini','1951767400'),(1075,'34448541','Dewey Beteriss','9852478974'),(1077,'31242739','Phyllida Iremonger','6522565986'),(1078,'44886333','Janella Kohen','9687582504'),(1079,'25800971','Edee Ivakhnov','8275957957'),(1082,'14021859','Myron Mearing','9486136658'),(1083,'46655961','Hannis Grigoriev','2295472183'),(1084,'13675137','Jerrome Billingsly','3797744944'),(1085,'35219315','Gauthier Snoxell','9358240770'),(1086,'13953404','Ailyn Russam','4416139232'),(1089,'27710221','Ros Blastock','3292905257'),(1090,'10172137','Albertina McIndoe','2079198242'),(1091,'23435577','Hyacinthie Normavill','6621590400'),(1092,'24782427','Chrystal Evitts','9644385826'),(1093,'15110623','Al Huonic','3145052766'),(1094,'21418227','Suzi Bassford','1405742466'),(1095,'23732310','Bruce Donalson','2314660894'),(1097,'36110471','Kamillah Domingues','9864161671'),(1098,'25078373','Melly Bawme','6431500391'),(1100,'24788083','Raye Dowdeswell','7013002842'),(1101,'32374235','Pris Kilfedder','5956402679'),(1102,'44251006','Filia Bexley','6934156227'),(1103,'41988164','Ingar Meineking','2817856414'),(1106,'49740324','Jedd Nutting','4673431213'),(1107,'40965016','Phedra Chilcott','2142424193'),(1109,'31293444','Lynnea Mourbey','4833906000'),(1115,'17754287','Chrysler Breyt','7884305984'),(1116,'27509276','Alberik Sasser','2887339700'),(1117,'17496325','Noel Sallows','3491528673'),(1118,'44639266','Rob Mack','6228359495'),(1119,'15012560','Dyna Rennock','9534146387'),(1120,'33905392','Joseph Genese','4059659967'),(1121,'45679635','Sollie Rennels','3607997594'),(1122,'21408995','Chas Conti','5229747796'),(1123,'46214761','Eydie Earingey','7284183020'),(1124,'24799046','Marcia Durman','2463282578'),(1125,'16764487','Julita Sunshine','1755303156'),(1128,'42863537','Vilhelmina Paul','2021863793'),(1129,'17814972','Lion Inkpin','2002571872'),(1131,'41840536','Conroy Coit','9367580859'),(1132,'42059142','Milli Addie','3102400408'),(1133,'24358576','Jillene Allanby','5349743377'),(1134,'9590093','Arley Crippill','4091542614'),(1136,'37501910','Jasmin Shapero','6989467458'),(1137,'49127994','Meridith Runsey','7581540822'),(1142,'42907105','Nicki Tofanelli','1784205841'),(1144,'9530983','Casper Brandrick','9922910145'),(1147,'20224897','Westley Kerslake','6727404399'),(1148,'47072738','Rosalie Fittall','8611860680'),(1150,'32948768','Hayward Coffey','1375430322'),(1151,'44589456','Raddy Veck','8565593812'),(1153,'43891274','Noll Haddrill','3561377615'),(1155,'34823106','Alfreda Stearnes','2308940952'),(1156,'24285394','Pierrette Rennie','4112922437'),(1158,'39417475','Honor Vannikov','9904747369'),(1160,'39119456','Atlante Macken','8264642033'),(1162,'49323592','Robinet Rubinfajn','6788418096'),(1166,'41704469','Rici Brogiotti','3941522094'),(1167,'8566310','Emmanuel Bertl','3603514497'),(1171,'31043904','Antonia Duker','5662055328'),(1172,'30121625','Aleece Sibbson','3918861234'),(1173,'45259158','Liza Castanares','6963851494'),(1174,'45598541','Cord Cattroll','7958786140'),(1175,'42190056','Emmey Haldene','9191052923'),(1176,'31068211','Aurora Morley','8841074501'),(1177,'10725638','Zora Gabel','7288770476'),(1180,'29163408','Shadow Bennis','8539078719'),(1181,'34571478','Georas Jeafferson','5792904581'),(1182,'14337874','Laird Geal','2452527113'),(1183,'14090084','Archibald Beaton','6194083326'),(1184,'24914471','Teresina Shakesby','9494378032'),(1185,'46948542','Amalia Copland','1743083402'),(1186,'30946169','Carrol McGeachey','7865964999'),(1187,'15834716','Ailey Megarrell','9713960661'),(1189,'35999142','Skylar Medford','7024887401'),(1190,'18776489','Chelsey Goullee','4539683274'),(1192,'15592559','Chev Curson','2386130382'),(1193,'20428597','Moria Quartermain','8372593799'),(1194,'21339963','Marlene Wank','7103045527'),(1195,'41114943','Dedie Jarnell','1527707442'),(1196,'46138490','Chalmers Sancias','5358598744'),(1197,'15197094','Lesli Plaunch','3153129390'),(1199,'27480446','Hogan Jakeman','2029693221'),(1200,'41528379','Francisco Henfre','5076628913'),(1205,'26773449','Thurstan Cotta','9101466389'),(1208,'36421921','Jamil Rundle','1474611916'),(1209,'34580606','Cosetta Dogg','2007656469'),(1210,'22055688','Gordie Quest','8617280826'),(1211,'26311641','Ford Fareweather','7074029705'),(1212,'36448987','Lorianne Stathers','1324916569'),(1213,'40164473','Avram Bosch','1135117371'),(1214,'37512811','Atalanta Archer','3461673311'),(1215,'11901135','Evaleen Arstall','4322958182'),(1217,'42240498','Maureene Aulton','6714302363'),(1218,'37351028','Burch Vinker','8468513962'),(1220,'37198666','Hermann Da Costa','4209939294'),(1221,'43267732','Fawn Dearth','8954912104'),(1224,'43510831','Zacharias McCuish','3048244138'),(1226,'36039807','Juieta Bicknell','1483394153'),(1231,'18906978','Philippe Wylie','4384781022'),(1232,'22113038','Tana McCorry','1215031604'),(1233,'14956356','Emmalee Ruspine','4936015105'),(1234,'21231744','Patrizius Laverack','5637183830'),(1235,'44194999','Elspeth Goldsmith','2855429545'),(1237,'39265679','Elsworth Trumble','6831079314'),(1238,'12283293','Giavani Longthorn','1875150064'),(1239,'21095346','Corinna Maffy','2686332229'),(1242,'40794402','Olivia Kleinhaus','1429133285'),(1245,'25432819','Justina Dwerryhouse','6383493646'),(1246,'32695097','Minerva Parrot','6243478428'),(1247,'40352419','Daryle Fyfield','7484921132'),(1248,'33894289','Anestassia Custy','7796235950'),(1252,'31498970','Lorri Habbergham','8503900206'),(1253,'25023410','Rasla Conor','8281530487'),(1254,'26044641','Laurent Kemmis','3442132877'),(1255,'48832016','Lane Sutty','6554419660'),(1256,'33782164','Pierre Dawes','8874533695'),(1257,'13615686','Guendolen Fidelus','1714630682'),(1258,'48965552','Ewell Mant','5115736095'),(1259,'11209076','Robbert Djurevic','8392382881'),(1261,'41652278','Gertrud Freckelton','5241927459'),(1264,'43094178','Bo De Bernardis','7851342378'),(1268,'48746228','Quinn Manuelli','9448275385'),(1269,'34540086','Megen Fewell','9142590245'),(1270,'37795748','Otto Ballay','4307729663'),(1271,'32459576','Cal Meddows','1678868067'),(1272,'9554092','Raffarty Pococke','2104005992'),(1273,'26727635','Analiese Hovy','1592174984'),(1275,'49427209','Maxy de Aguirre','5727944434'),(1276,'37326772','Torrin O\'Fallowne','2925663541'),(1277,'40845246','Catherina Tunuy','2307287511'),(1281,'18868042','Timotheus Moehler','1284733476'),(1284,'21828874','Vance Ryall','4527285354'),(1285,'15158314','Eddie Scarr','3123796095'),(1288,'33998976','Margaux Willbraham','9305834905'),(1289,'48750527','Giovanna Mendes','1249023868'),(1290,'48980798','Luther Roizn','7735900196'),(1293,'38832689','Gal Wisher','2756952444'),(1295,'38326758','Carlota De Biasi','9233509331'),(1296,'43102673','Zondra Simonou','8766869948'),(1297,'28949576','Myron Pridding','2024389396'),(1298,'22340383','Catlee Chalkly','8804590515'),(1299,'19555267','Claudelle Cotilard','9549601879'),(1301,'21128091','Ferdy Arcase','4816084779'),(1302,'11109077','Albert Storres','3476692588'),(1306,'37874065','Wilmar Timny','8459514742'),(1310,'46827211','Jacquette Phillis','5462173923'),(1311,'39584408','Tomi Walicki','6522187004'),(1312,'35157022','Rose Nugent','2334259236'),(1315,'16696111','Leone Cuckson','6842492824'),(1316,'40854815','Tom Matteotti','4414630517'),(1317,'35057414','Abra Byer','4943481233'),(1318,'15790365','Brendan Screwton','3291760413'),(1319,'17256364','Ronalda Winteringham','9886407763'),(1320,'45268824','Royal Carnilian','2196330654'),(1321,'38774532','Murvyn Tritten','8133730259'),(1322,'40295658','Kurt Revie','6397087111'),(1324,'41617307','Ciel Tebbett','9047293977'),(1325,'18702390','Wallas Pilkington','7916334113'),(1327,'41130167','Teodorico Howsam','2207832880'),(1328,'29256114','Barney Rupert','6234874480'),(1329,'11004435','Aharon Corneille','2473828152'),(1332,'29029553','Kylila Rosenblum','4277930221'),(1333,'35419890','Aigneis Willoughey','8376300789'),(1334,'18613369','Terrance Lumm','2519463491'),(1336,'9118532','Guss Lowsely','6111466194'),(1338,'43877796','Arte Mears','5571224992'),(1339,'38749970','Eleni Bainton','3493557370'),(1340,'14727890','Simeon Beach','2342705618'),(1341,'38007462','Randal Gligori','1681497809'),(1342,'14247482','Thom Rimmer','6656059275'),(1343,'36424213','Tildi Sellack','2897897678'),(1344,'11143339','Velma Brettelle','3039714048'),(1346,'44531521','Ermentrude Cousen','9061511836'),(1349,'48280336','Genni Earngy','9789085076'),(1350,'31855610','Nikolaus Arcase','6744521597'),(1353,'21396898','Alejandro Campkin','3869553082'),(1356,'16996853','Lenora Barbier','8246915500'),(1357,'41658202','Matilda Muttitt','2786243664'),(1359,'47254553','Hazlett Monkman','4757857981'),(1361,'47495219','Lewiss Samudio','2837813465'),(1362,'15469375','Petronilla Braidwood','9181634216'),(1363,'22899622','Livvy Powers','9072449195'),(1365,'34404090','Monika Jeffrey','7837918518'),(1367,'26439832','Marris Bussell','9496436314'),(1369,'47950531','Kathlin Gonnelly','1604198452'),(1370,'19949304','Kandy Huttley','8138587850'),(1371,'20448106','Dorrie Rabley','3811227902'),(1372,'43660451','Olvan Simkovitz','9617697370'),(1374,'41499268','Ernst Roseman','9693518052'),(1375,'8051075','Caressa Wiggans','6289727383'),(1378,'11969327','Melba Bentjens','2311783954'),(1379,'41582308','Bob Turone','4286225857'),(1381,'35459118','Tony Francie','4921204247'),(1383,'22869144','Happy Earie','6903104047'),(1384,'21978902','Sybil Leas','6421636140'),(1387,'37636141','Pandora Mitkov','1445357560'),(1388,'11669233','Nealson Winchcum','1147369720'),(1394,'20606319','Shandeigh Look','6054560530'),(1395,'48180333','Torrence Thorsby','2108639152'),(1396,'48750931','Mechelle Mucci','1387104158'),(1398,'37269242','Godard Gedling','7056528930'),(1399,'8238126','Jacquenette Gamett','7122996900'),(1401,'44807466','Tara Pistol','9085683607'),(1403,'45176645','Selby Heliar','4179619995'),(1405,'40934550','Prudy Mawne','5094835147'),(1407,'46587885','Cheryl Challinor','7573158551'),(1409,'16979701','Lynea Kupis','4621069880'),(1412,'30316608','Viviyan Gasken','5421708599'),(1413,'24998900','Hirsch Glyssanne','1352166858'),(1416,'35170143','Angelica Waldram','7854977528'),(1417,'27807374','Eberto Hutton','4185972206'),(1418,'18639030','Karrie Finlaison','7597535421'),(1419,'47440104','Stearn McDuff','1913935316'),(1420,'18865536','David Hanham','6653905359'),(1421,'24057688','Tammara Gilogly','8905992105'),(1422,'32077658','Amye Shoebrook','9191716381'),(1425,'47490700','Sumner Tatters','1266943664'),(1426,'39481760','Evangelina Cristobal','5073647532'),(1427,'16919126','Zilvia Stiddard','3701075034'),(1428,'13008554','Ody Simkovich','8002263506'),(1429,'44677804','Josh Schwand','7962246579'),(1430,'14226573','Britni Leydon','7308906467'),(1431,'31483659','Marjie Harryman','9031980822'),(1436,'31042010','Ginnifer Ply','3055496885'),(1437,'11026108','Hedwig Follen','9053559053'),(1438,'26029395','Cosmo Tayloe','5974444152'),(1440,'23799562','Cornelia Howlin','8158397402'),(1441,'41226558','Madeline Yell','3879495347'),(1442,'46744621','Ruby Baines','9114062122'),(1446,'31524191','Blair Lestrange','5108811384'),(1448,'38513062','Rodina Rehorek','3326169792'),(1449,'30028964','Rafi Rubrow','8157307955'),(1452,'8149231','Hillard Faustian','3343599348'),(1457,'43284811','Shannon Kilmartin','9225048804'),(1460,'34269849','Rose Spino','9637249089'),(1461,'49805717','Candide Darragh','9713313069'),(1462,'43614450','Eliza Reuther','1836254218'),(1464,'31284924','Garry Yaldren','1345759447'),(1465,'25631774','Rolfe Garrod','7805101684'),(1467,'16962078','Frederick Nesterov','6028483161'),(1468,'37855057','Hadria Jasik','3284888485'),(1469,'9142972','Pru Churchin','6946976047'),(1472,'39643120','Lutero Larcombe','9615923666'),(1473,'9362735','Ricki Devaney','1732843757'),(1474,'8153365','Alex Wilber','9733682378'),(1477,'11293428','Dannye Crothers','8964462937'),(1483,'44897095','Lindon Zebedee','8022127947'),(1484,'32066404','Nellie Momford','7656044485'),(1485,'37638792','Danny Twelvetrees','9276722282'),(1486,'8945233','Devondra Gittis','6314187810'),(1487,'39475902','Kessia Ibert','8618269572'),(1490,'40142669','Theodosia Halsho','2498896266'),(1491,'20814425','Sayers Sollam','5947831995'),(1492,'35871862','Alexandrina Renshell','2869235155'),(1498,'15776349','Alica Storm','2632030059'),(1499,'13402760','Tamera Hounsom','7209996731'),(1500,'38727140','Amalea Zohrer','7436264041'),(1501,'30722559','Vonni Adcock','9805658923'),(1502,'19642819','Dick McKall','6084759796'),(1503,'48910482','Berty Whaley','6408332350'),(1504,'12604950','Milka Jancey','4461148843'),(1507,'47580710','Dorothy Currom','8058297879'),(1508,'35937649','Lindsey Jaspar','3883178474'),(1509,'21799574','Shayla Drakes','4932313800'),(1511,'19637782','Hewet De Filippis','7522943236'),(1512,'30507644','Bernardine Nanni','8246017572'),(1513,'24769379','Chelsea Coard','8515354173'),(1514,'22967272','Gusti Skottle','3584290283'),(1515,'13083081','Wilfred Ferry','8569864346'),(1516,'24119189','Fredi Merkel','6955588867'),(1517,'23348143','Thorsten Francey','2886105261'),(1520,'10175819','Vaclav Ortega','6889860220'),(1521,'26588471','Rodrick Ballintime','2501417857'),(1522,'26450179','Lyndell Goreisr','4124487255'),(1523,'41677042','Lissy Claxson','5719535115'),(1524,'16880083','Agosto Shute','7809541958'),(1525,'38756660','Brennan Limpricht','8748745897'),(1526,'41098396','Lynnea Battie','1473027781'),(1529,'42243441','Kenyon Dossetter','4863642380'),(1531,'40186350','Stevy Insley','9353210581'),(1532,'21185118','Augustine Plevin','7207277402'),(1533,'20228660','Jose Lanaway','3063112016'),(1534,'15151279','Ambrosio Braidman','2591992829'),(1535,'31650768','Regan Vondracek','9412622169'),(1537,'19533289','Fiann Drew-Clifton','2614670762'),(1538,'9875397','Jacynth Kingerby','6667740547'),(1540,'39206240','Parsifal Pimblotte','1935470752'),(1544,'28688729','Norrie Bramelt','1553812230'),(1546,'18651065','Marcille Worsfold','7407759844'),(1547,'42241741','Haslett Perrigo','7155221561'),(1548,'49123404','Hillyer Scarman','1841740826'),(1549,'23177663','Marwin Cutmere','3097309657'),(1551,'37009476','Patric Dybald','7404977067'),(1552,'17429306','Laryssa Pozer','1835697579'),(1554,'21078960','Nessi Surmeyer','6985167842'),(1555,'48948698','Chicky Jacquemard','6684473605'),(1556,'14365644','Devora Giacoboni','1447399409'),(1557,'49064575','Farlee Oates','6813084993'),(1559,'14956426','Alfi Whaley','4254020227'),(1560,'39693319','Tammi Malling','2316318857'),(1562,'23980339','Mata Cossum','8769736563'),(1563,'30220715','Kaitlin Keates','8174128501'),(1565,'40286368','Octavia Longmuir','6101937152'),(1566,'32522352','Jerrylee Yggo','5057975722'),(1568,'8052466','Garvin Kidner','1472567421'),(1569,'42808527','Olimpia Lindenboim','5634905179'),(1570,'44664004','Lonni Romaynes','6555595902'),(1572,'34386618','Oralee Quiddington','6262433094'),(1573,'44986391','Arluene Lerer','4237106785'),(1575,'10366961','Anestassia Narramore','3732823165'),(1577,'44789874','Kariotta Dey','4663251873'),(1578,'47955713','Dulcia Ubanks','9352816274'),(1579,'15085975','Gregorio Hamner','9632261686'),(1582,'25735131','Brittni Toman','2164687355'),(1583,'43204685','Agnes Trustey','2639404716'),(1584,'37548076','Vina Meates','2125761750'),(1585,'42124370','Harmonia Witcherley','2036852057'),(1586,'42968019','Sheena Linthead','4456285698'),(1587,'31559358','Marcello Puddle','7934877326'),(1588,'34287238','Debor McCullum','2753657502'),(1589,'11530691','Harri Klugel','5831962574'),(1590,'45880163','Tallie Horrigan','4223846573'),(1591,'47384764','Josey Senton','1135750326'),(1592,'15959573','Joya Lamburne','6212222736'),(1594,'20535292','Zacharia Stracey','4503573415'),(1595,'39621586','Eveline Capinetti','2742342728'),(1596,'31734324','Christalle Popelay','5302717112'),(1597,'25052899','Aharon Shimony','2022574476'),(1599,'33236331','Rozina Bowgen','4909640042'),(1600,'24718723','Wally Thorrold','2059604424'),(1601,'12896314','Thalia Ballston','6621564784'),(1602,'22608818','Rhona Linnit','9655827139'),(1603,'35220373','Harp Jenton','5068106229'),(1604,'25561469','Port Alsobrook','7725396591'),(1607,'18724965','Tessie Issitt','1906076456'),(1608,'45746689','Jacquetta Gert','4851493097'),(1609,'19923933','Saraann Pigford','3562262921'),(1611,'47868728','Cesaro Coggles','6366491712'),(1614,'11903930','Leroy Gillopp','4271089507'),(1615,'42670780','Margette Stoneman','8255533550'),(1616,'40037943','Astrid Dungay','1951512841'),(1617,'29074845','Elliot McMenamin','6344067304'),(1620,'32979984','Victor Marwick','2482014179'),(1622,'11400666','Sherman Daenen','4836997171'),(1623,'20415286','Amelie Wagerfield','8277173772'),(1624,'49944912','Dominica Boys','8734607900'),(1625,'22120782','Zacharie Woodyear','5571589070'),(1626,'22956986','Jenn Keig','9169672530'),(1627,'17516355','Elly Skingley','5479737481'),(1628,'46569141','Philippa Attiwill','8471875704'),(1629,'9922385','Curtice Espasa','3758240498'),(1631,'31742421','Willetta Donneely','6025422722'),(1632,'9141980','Aluin Cratchley','1849656121'),(1633,'39140984','Burnard Guyver','4876708152'),(1634,'24623127','Amata Qusklay','1446431935'),(1635,'33557280','Zackariah Cordet','5563537207'),(1636,'46680866','Vinny Nourse','1673747711'),(1637,'18363361','Chrystel Grestye','7398715794'),(1638,'45686889','Sampson Lesley','2244864471'),(1641,'36807660','Annie Losseljong','3426277992'),(1642,'33148932','Chick Brookes','4784062388'),(1643,'45381455','Guillemette Catterson','9801257926'),(1644,'21891487','Bathsheba Laws','2718996788'),(1645,'49505961','Dedra McGerraghty','3499918217'),(1646,'48492492','Mella Cristofano','5276586529'),(1647,'30743577','Bobine Bawles','3268332061'),(1648,'18817861','Tymothy Twycross','8471366284'),(1649,'14756210','Magdalena Rosenstiel','6498102392'),(1650,'30257238','Sheena Manderson','7357376784'),(1653,'37992312','Sim Connett','9127882749'),(1654,'29803560','Reba Meins','9125016132'),(1655,'28196802','Nolan Northeast','8704237750'),(1656,'10104419','Winonah Josephsen','1709670761'),(1657,'9849020','Tobe Lenz','7776731565'),(1658,'47741545','Ber Stoves','8878490823'),(1662,'39954785','Amitie Begent','7796574972'),(1665,'30259737','Jada Grundy','6788348696'),(1666,'27145227','Crosby Pigot','9097622544'),(1668,'13543496','Halsy Swarbrigg','2542903401'),(1671,'47042296','Ellette Beade','2009475893'),(1672,'22545215','Michel Collimore','4138533095'),(1673,'49672426','Marcus Achrameev','5233592344'),(1674,'31631769','Burg Mallock','8956516747'),(1675,'32209645','Mattie Lickess','1366400950'),(1676,'25993346','Leanora Makepeace','1412023303'),(1678,'15362007','Franky Porte','6526642129'),(1680,'13018912','Dido Ribey','2133063573'),(1681,'40156947','Milli Beranek','3621928186'),(1683,'36552870','Elissa Dinkin','1643801756'),(1684,'47705757','Brendon Pembridge','4197668689'),(1685,'48910000','Morris Cathesyed','9155810217'),(1687,'25930032','Sander Dumpleton','1822627624'),(1689,'46995213','Cynde Nuth','3201835360'),(1690,'17675783','Juanita Wealthall','7094920816'),(1691,'21300665','Maryanne Leynham','7242988535'),(1692,'44988660','Joann Moreinis','9453391985'),(1694,'47555203','Danit Trewhella','4062722017'),(1695,'19538960','Doro Cranmor','2742134690'),(1696,'13356488','Jose Godsal','9886403176'),(1697,'43863429','Ray Mertgen','6623808489'),(1698,'29038779','Tonia Bartels','8508667180'),(1700,'13712438','Mufinella Blanckley','4382778375'),(1701,'13220912','Thain Kapelhof','9262259052'),(1702,'35748675','Chelsae McMahon','3699189340'),(1705,'13560536','Joyous Pllu','3203645133'),(1706,'38154472','Ruby Vollam','5858213987'),(1707,'25796312','Lishe Peacham','3599569238'),(1708,'22789696','Marshall Boss','6426700999'),(1709,'23560756','Rube Pelosi','2431848735'),(1711,'43853362','Shel Cappel','4571131325'),(1712,'36621241','Malynda Antonioni','5326510199'),(1713,'15538402','Bar Bichener','2221078251'),(1715,'47522597','Andreas Goldsworthy','7801679319'),(1716,'25969053','Archibaldo Jenner','2971914978'),(1717,'29659184','Thornie Wallwork','1003044453'),(1719,'44732153','Van Ellerman','8465810882'),(1721,'21324025','Riley Vodden','9186086444'),(1724,'11456417','Emmet Heugel','2277516212'),(1725,'30629468','Petronilla Trowle','7742800654'),(1727,'27059273','Lib Neads','8358443622'),(1728,'23503738','Sibilla Dewing','3922786026'),(1734,'41643656','Issiah Fewkes','3224628222'),(1738,'24124250','Gifford Janny','6222857604'),(1739,'48552305','Izak Meadus','6584165573'),(1740,'43303869','Marjory Bottrill','5728072866'),(1741,'27722048','Ladonna Sedworth','2206135354'),(1742,'21815356','Andreana Bortolini','3456221039'),(1743,'31585003','Quincey Zavattieri','8849633806'),(1745,'11416428','Caro Groarty','2357387652'),(1748,'11165496','Tamma Izard','5866269213'),(1750,'48148588','Malena Blowin','5191182215'),(1751,'35877625','Tann Thornber','8188618145'),(1752,'43064484','Dacey Reading','2109361685'),(1755,'35575882','Verile Secretan','4398475816'),(1756,'35434277','Nancy Leven','2427190562'),(1757,'14332326','Ransom Koubek','9559225476'),(1758,'8853194','Rourke Dancer','6729777085'),(1759,'18601009','Lenora Addionisio','7809683369'),(1760,'32425834','Norina Marquis','6478551114'),(1762,'45129912','Margalit Pietasch','8132811456'),(1763,'12457990','Julissa Halworth','5755740805'),(1764,'47883154','Corette Goffe','7835396210'),(1766,'34169190','Lodovico Croson','9799994222'),(1769,'31079205','Nikkie Weekes','3726623686'),(1770,'39047632','Jojo Thireau','7132059350'),(1771,'27826892','Brandyn Phibb','9373600540'),(1773,'9700354','Octavius Denzey','9979522058'),(1774,'27011689','Julietta Brandreth','3438268134'),(1777,'38620743','Jody Jurs','1965303596'),(1778,'18627022','Appolonia Kaman','7721705974'),(1779,'25430673','Yuri Wane','3769047965'),(1782,'27778832','Dell Grix','7106623641'),(1783,'16797051','Lammond Walsham','9348046183'),(1787,'30806451','Bradly Norris','4806944387'),(1788,'39711463','Marsiella Josipovitz','2286997050'),(1789,'12376740','Rock Spriggin','4258538307'),(1790,'24122776','Duffy Kubala','2772545107'),(1793,'17774678','Karalynn Deering','6819158693'),(1796,'36366070','Ange MacTrustram','9475809790'),(1797,'17314626','Stu Petrusch','1343610123'),(1798,'37663852','Cecilius Udale','6142710484'),(1799,'37885134','Conny Pesticcio','8254721008'),(1800,'8464393','Noak Mc Ilory','6759177351'),(1801,'20487260','Chrysa Durnill','5163952061'),(1802,'32598990','Hashim Yearron','4007117379'),(1804,'16422236','Hadlee Matusson','4194833935'),(1806,'12170641','Moses Snadden','1501578146'),(1807,'10580968','Bram Sommerville','2485927864'),(1809,'40590906','Aluino Lockyear','1786771011'),(1811,'16792947','Rozamond Hambly','3411628248'),(1817,'37261508','Juline Beeble','5762632267'),(1818,'36643383','Amos Necolds','9052422169'),(1821,'11504498','Emmaline Braithwaite','5375924827'),(1822,'25024801','Ring Glowinski','9776228809'),(1824,'11327375','Quent Smittoune','5301817539'),(1826,'42466848','Kata Latan','8177066927'),(1827,'35798925','Brander Zanitti','2887296960'),(1828,'48834989','Lutero Hadden','6291122207'),(1830,'24416378','Orlando Lermit','1225009047'),(1832,'19378782','Xenia Jeannard','3656179926'),(1833,'46944280','Austin Edowes','7288966343'),(1836,'43647689','Clovis Orneles','4967929337'),(1837,'37841203','Jessie Tocqueville','6866047069'),(1838,'12503751','Blair Vazquez','2485304896'),(1839,'36975156','Yance Tiffany','2272087756'),(1840,'20718790','Haze Irce','7757262467'),(1841,'15303774','Arleta Rey','9429522492'),(1842,'37713643','Darcy Dishman','8337532424'),(1843,'46020794','Waneta Heater','4095870856'),(1845,'18572515','Ambrosio Currey','5702199642'),(1847,'16125690','Carlynne Spatarul','6949247269'),(1848,'47581342','Adriaens Dillow','8381108337'),(1849,'28304755','Jimmie Klicher','4937008486'),(1852,'32397836','Arel Agneau','4719880149'),(1855,'43076422','Ibbie Parades','4419565962'),(1856,'10893949','Joelynn Schuelcke','8066751029'),(1858,'22191408','Shanna Petrak','3067488503'),(1859,'14855796','Gayle Braganza','9425813552'),(1862,'11190547','Gus Annon','3332804199'),(1863,'27842448','Nerty Rapps','9642439684'),(1864,'40452940','Crystie Flattman','4952445630'),(1865,'30595182','Blakelee Adamkiewicz','7739530192'),(1866,'31551306','Dominica Issett','9313818852'),(1867,'32094532','Dael Emmanueli','1502787712'),(1868,'10072695','Pat Onyon','8746273247'),(1869,'18330083','Annadiana Scruton','3053861300'),(1870,'43761624','Rickard Allom','8042770033'),(1871,'37205425','Cyndi Westerman','4151732169'),(1872,'33424097','Paola Frearson','8526177758'),(1874,'15423533','Lionello Wrighton','5158130110'),(1875,'13147386','Edouard Kimmerling','3075255899'),(1876,'28835577','Dane Welchman','3327396859'),(1877,'47685743','Dorie Bexon','3864244690'),(1878,'39289193','Pryce Lassetter','9432736439'),(1881,'14409289','Norina Gionettitti','2725093713'),(1882,'44950341','Meg Braxay','5998439874'),(1884,'41454305','Elysha Karchewski','5072774841'),(1890,'43369090','Walsh Hastelow','5316069593'),(1892,'12495841','Roley Hullah','6356662539'),(1894,'24400654','Verine Eva','2334266712'),(1896,'48126049','Benny Snasdell','7791340548'),(1899,'47759613','Sigismond Zoane','7438515588'),(1903,'12907196','Simonne Harlett','1634917916'),(1904,'22152145','Alana Everill','8799452724'),(1906,'8578550','Celestine Govan','1029159106'),(1908,'21309846','Olin Blanden','2636480307'),(1913,'44123277','Domenic Slavin','7121907736'),(1914,'41274245','Brok Garcia','3504018969'),(1918,'13970974','Penny Goodson','3437446566'),(1919,'35515555','Conan Leynham','6896199346'),(1920,'21048799','Lonnard Gianasi','9954568402'),(1922,'46361112','Stefano Allabush','4859765463'),(1924,'27224497','Ly Rangall','9134769250'),(1926,'43449964','Ceciley Fullwood','5937827225'),(1928,'30366651','Krystle Foat','2386655999'),(1929,'37162140','Ashlin Deverall','7677945265'),(1930,'30557708','Burton Sambidge','4721843947'),(1932,'13915099','Adolpho Pechacek','9197586283'),(1934,'41014991','Margareta Spriggen','6694167256'),(1936,'28443400','Yul Bevar','5138437019'),(1937,'36019553','Ginger Waghorn','6402447884'),(1938,'39441189','Catriona Gajownik','1405576370'),(1939,'23642317','Alwyn Danielkiewicz','1123391835'),(1941,'24256932','Lenka Itzkovici','8279268497'),(1942,'14850275','Haven Daniels','9646314565'),(1944,'32369121','Jorge Rishman','3451483594'),(1945,'33276204','Aubrie Cheeney','6056765168'),(1946,'9082061','Pier Thomel','7519327032'),(1947,'28307069','Saleem Saipy','5301622496'),(1948,'47705247','Dusty Duffy','2056217188'),(1949,'44846542','Celine Dessaur','3901951294'),(1950,'42536731','Hollie Campo','5742793722'),(1951,'8701141','Stafani Branston','6139552684'),(1952,'32262936','Blanca Ginglell','8469464313'),(1953,'29087241','Inglis Tethacot','5294630396'),(1954,'46162224','Sybil Smiths','9232725925'),(1955,'16218613','Lindsy Hutten','9808057537'),(1956,'19493592','Anthia Thebes','7856216120'),(1957,'16320349','Tudor Gunston','6856871436'),(1961,'31261798','Jaquelin Cottey','5644819040'),(1962,'40816911','Fredek Downgate','3327560857'),(1966,'39882955','Dorri Elward','7574476003'),(1967,'9474080','Bertie Dewan','4703541945'),(1968,'19444283','Meaghan Carreyette','2742239738'),(1969,'11244087','Gian Cosley','7069037541'),(1970,'38844522','Magda Vlahos','7055961329'),(1971,'13211671','Addi Giampietro','4411910414'),(1973,'17476039','Libbey Dorr','7504480712'),(1975,'47693006','Lenci Di Bartolomeo','5862997474'),(1976,'36875923','Lek Dreinan','3594604005'),(1978,'40004368','Nanon Myers','4494731241'),(1979,'38924060','Alexina Fullicks','1406843282'),(1980,'48594591','Franky Joisce','2456182384'),(1981,'14871404','Wilmer Heining','4234785939'),(1983,'34007996','Jannel Kupisz','2811360498'),(1985,'39600805','Leah Threlkeld','2351066870'),(1986,'35400573','Alia Crowden','6462786944'),(1987,'48038109','Lorrayne Shord','2257878455'),(1988,'20797957','Linn Caddick','9926931166'),(1989,'18323722','Goldina Blaik','7548607906'),(1991,'25655271','Izaak Plante','5757344612'),(1992,'37151305','Simon Pavey','1529836104'),(1993,'43414193','Lethia Challis','5842549492'),(1995,'20584086','Katee Janaud','3053275877'),(1996,'16483350','Benjie Gorries','9195314401'),(1997,'10580599','Hedwig Gilburt','6098432258'),(1998,'8163932','Jeno Deeth','9575220626'),(2000,'18057236','Tom Petrovsky','3339773939'),(2004,'44558857','Dorthy Alleyn','7701977304'),(2005,'32039438','Rory Patley','1337921631'),(2007,'42395702','Jakie Ruffli','3983331285'),(2008,'18533613','Abigael Parsisson','8154232068'),(2011,'25158813','Donnell Osman','7896920140'),(2012,'45516705','Dorothea Cowern','5728550169'),(2013,'33337043','Wren McCrum','1796833680'),(2014,'44092286','Isadore Lockery','7443304911'),(2015,'38552209','Aguistin Trimbey','8275589682'),(2017,'28775869','Florenza Kment','2628294061'),(2019,'36175672','Nealson Blew','8028893976'),(2020,'30947039','Marrilee Bullion','8321944106'),(2023,'15151017','Lishe Bunford','3885259398'),(2024,'44014102','Morgan Athridge','2447454692'),(2025,'24141318','Myrle Lenchenko','9174214777'),(2026,'33947243','Zaneta Gauden','5542551056'),(2027,'33938136','Bertram Aspenlon','7536896033'),(2028,'43992646','Bear Ganing','7395243252'),(2029,'33177018','Querida Goede','5971107772'),(2030,'18913729','Kitty Risso','8245198940'),(2031,'22481485','Torey Lghan','7179338439'),(2033,'24394817','Nikolos Wheelband','5366413199'),(2034,'43659069','Dru Sprackling','3792008298'),(2035,'21894415','Marena Roderick','9894832565'),(2037,'29349631','Alexis Grovier','3431201068'),(2038,'38351982','Mannie Hargrave','8686951785'),(2039,'25608950','Jone Hamnett','5761205959'),(2040,'13368050','Hugues Dommerque','7777474733'),(2041,'12921888','Lenore Blyth','1585132099'),(2043,'41732147','Rori Prendeguest','9326053998'),(2044,'30493523','Winny Bassil','9862234098'),(2046,'40214727','Amelita Poulter','6268228231'),(2047,'30051553','Boy Hoffman','1606611413'),(2048,'16511564','Redd Waszkiewicz','3147978911'),(2049,'21646011','Dominique Stephenson','4418347186'),(2051,'46052001','Addy Rankling','5277082596'),(2052,'24197565','Alexandros Paulus','1866936818'),(2053,'13639295','Henriette Patty','8939351250'),(2054,'29849278','Chris Redmond','4048171435'),(2057,'40614768','Ingrim Frank','6737638826'),(2060,'36301185','Persis McPhail','9407972816'),(2061,'34851710','Abbie Puckring','3488112755'),(2062,'24557545','Ondrea Blaiklock','4913373686'),(2064,'9809834','Alex Shurey','9165903566'),(2065,'40421945','Gaby Kincla','5197363210'),(2068,'9365226','Clark Dingle','8397107366'),(2070,'35343728','Robinet Witty','7379580988'),(2071,'13227717','Gill Palmer','9718868636'),(2073,'31054930','Raff Blindt','5818215535'),(2074,'12007173','Celestina Venard','7778434419'),(2075,'39174587','Alanah Bramhall','2975364118'),(2077,'14746713','Cinderella Dockerty','3361001037'),(2078,'33951306','Libbie Giannini','2858766615'),(2079,'45232155','Mano Jordeson','1568157124'),(2080,'35789857','Currie Mainston','2717854324'),(2081,'34284863','Brok Shobrook','2609862410'),(2083,'27181671','Celestyn O\'Calleran','2925055617'),(2085,'33143052','Jackie Pinniger','9953292519'),(2087,'10890104','Rhetta Bradnock','8905977022'),(2088,'8995446','Shauna Posner','8079899896'),(2089,'39808365','Elspeth Woodyatt','9366543712'),(2090,'44943095','Norri Faucett','8589332368'),(2092,'22328615','Marti Morena','4039857553'),(2093,'39555936','Stacey Gallant','3229176692'),(2095,'20863702','Roz Crosen','6452287188'),(2097,'48756939','Erwin Habbon','3956961406'),(2099,'43043556','Felice Avieson','5403060380'),(2100,'41427105','Gauthier Drabble','2457748788'),(2101,'37722992','Fiorenze Butterick','5052199944'),(2102,'42324410','Giordano McLinden','3262381122'),(2103,'49619446','Sky Kryska','6229618801'),(2104,'28846223','Lissi May','5897962161'),(2105,'15357588','Cass Lints','8952379019'),(2106,'49983838','La verne Gooda','5228141811'),(2108,'29694873','Ulric Broadley','1118151410'),(2109,'27698797','Nelli Bassom','1887243044'),(2111,'32010452','Patric Dennant','6933507412'),(2112,'33066488','Clive Marson','3816141146'),(2114,'32147574','Maurie Afonso','9049668505'),(2115,'12277441','Meryl Biesterfeld','3286436285'),(2116,'45028305','Kath Alexsandrev','3892890879'),(2118,'41780818','Gayel Fennelly','5263239597'),(2119,'10558519','Tana Piercy','4816517371'),(2120,'33923162','Maurits Covolini','3426419227'),(2121,'44606466','Ewell Oughton','7794844225'),(2122,'28079151','Natal Gentreau','9802138672'),(2123,'43673322','Bill McMichael','6218554333'),(2124,'42495838','Carlo Merrell','9101905981'),(2126,'22902077','Mohandas Gelling','7775598812'),(2127,'24813767','Arny Grigolon','3362619403'),(2129,'26743233','Jeremiah Sparey','3185900047'),(2130,'27461044','Keriann Neasham','2973203027'),(2133,'17050256','Amber Canniffe','2588716583'),(2134,'39580389','Cecilius Callen','7274821702'),(2135,'20343240','Darbie Dederick','7696609509'),(2137,'14870148','Rebeka Cogswell','9139789271'),(2138,'36186820','Hale Petel','1438814273'),(2142,'24323037','Grove Dewitt','8274590345'),(2143,'14241395','Callida Gamlin','9688306231'),(2146,'31401090','Giffie Evett','1262930036'),(2147,'9665237','Dylan Gobell','8411872468'),(2148,'9537011','Dorey Boar','9767339522'),(2149,'16271768','Cacilie Garthside','3905061841'),(2150,'48540050','Giacinta Betz','5831615342'),(2151,'25856988','Christiana Ternault','2675497282'),(2152,'18210186','Prentice Filgate','9666551170'),(2153,'38067126','Grannie Douglass','1264324061'),(2154,'38030677','Blinny Lemmanbie','2534525779'),(2155,'32875515','Sunny Charter','8703880777'),(2158,'49409058','Gianina Quarless','4495148345'),(2161,'45269973','Libbi Fish','2409633998'),(2162,'47151611','Cob Bricket','4686613682'),(2163,'31659165','Leonerd Chittock','2096810184'),(2164,'42090705','Hazlett Jerosch','6865588875'),(2166,'37379580','Scarface Schneidar','6294981772'),(2167,'17571486','Joey Rollo','4866533018'),(2168,'49866491','Ealasaid Restall','1074339629'),(2169,'31842625','Manda Gouny','1752073471'),(2170,'28540500','Jemima Feldbau','7515479454'),(2171,'22078981','Trish Adamski','8304536853'),(2177,'17918227','Edvard Jacquemet','4156426102'),(2178,'17262440','Hynda Vaughn','2705328003'),(2180,'46809961','Shaine Ruecastle','5523211775'),(2182,'18510764','Ros Schrei','9913708364'),(2183,'39313255','Gordon Tamburi','5819724209'),(2185,'44677014','Jerrylee Fardy','2286334238'),(2186,'43776590','Nita Bagehot','8036836139'),(2189,'9560843','Madlin Howe','4621323616'),(2192,'23300459','Conrad Shewring','3008124129'),(2195,'27233776','Herminia Guirard','2894259785'),(2196,'34896837','Sherlocke Jaray','1999988396'),(2197,'15663790','Sheryl Ashforth','7338046612'),(2198,'48793964','Hilton Matula','7126807457'),(2199,'31875439','Niles Livings','6655149483'),(2201,'9367496','Teena Onn','7333460778'),(2202,'33537334','Briny Twinberrow','1242057612'),(2205,'35724938','Rosco Marmyon','6743482972'),(2206,'25944365','Ulla Eastham','5077157527'),(2207,'34879482','Evie Kobel','8634384749'),(2210,'34496066','Ginevra Cess','7263338962'),(2211,'41328906','Marie-jeanne Poundford','5321132646'),(2214,'19896961','Dannye Lindgren','4926198588'),(2215,'9014201','Bert Carwithan','9053093914'),(2217,'39789461','Corine McHaffy','5417175045'),(2218,'17103075','Jilli Tolson','2194178822'),(2219,'35953286','Mason Wilsone','1635187423'),(2220,'17020638','Anselm Douthwaite','2721604345'),(2222,'26327004','Dennie Berthomieu','5205328178'),(2223,'17962129','Anthea Stambridge','6842245547'),(2225,'33766196','May Kemp','4303680078'),(2227,'42550937','Terri Ludlom','7111379155'),(2229,'13390578','Tanny Barthrop','6194122789'),(2232,'40771779','Iolande Gingedale','4465843668'),(2234,'10172467','Sander Beceril','4071455442'),(2235,'38008504','Alexio Papworth','4607391589'),(2238,'22185806','Harman Butte','4212930146'),(2241,'8546490','Toiboid Witt','8693141991'),(2242,'11089971','Filberte Hunnam','2849602630'),(2245,'45367528','Alyce Hardaker','6031463856'),(2247,'20132747','Taffy Armitt','2247018884'),(2248,'12698796','Dallas Boulde','1362356599'),(2249,'12407348','Ric Lindop','4573084708'),(2251,'37308440','Pincus Loughhead','9459801297'),(2254,'39689312','Yolanthe Russell','7376279559'),(2255,'46372579','Charmane Wheldon','9113013749'),(2256,'11208212','Baryram Alves','4484983114'),(2259,'30099017','Tally Kilmurry','5038953133'),(2261,'15848028','Lionel Truin','8107309776'),(2262,'26508713','Tomas Loraine','4107724128'),(2264,'17315598','Ernst Shoute','5551302749'),(2265,'49577953','Hazlett Jeenes','7454883525'),(2267,'42406151','Geralda Vanlint','7801461395'),(2269,'24361449','Cortie Cradick','5792899509'),(2271,'11175238','Virgil O\'Hannen','5798449563'),(2274,'43248577','Concettina Gipp','8127652762'),(2276,'14715685','Odette Edgerton','1708862634'),(2278,'10556931','Melvyn Prettejohns','5994759387'),(2279,'44070083','Barret Greenlees','7911118408'),(2281,'35879995','Carrissa Bowle','6697262121'),(2284,'13422130','Clay Panyer','7155996394'),(2286,'35028273','Evelyn Cook','1159028044'),(2287,'46544290','Elsi Mityukov','7085945516'),(2289,'32279834','April MacGorley','2812307371'),(2291,'32464411','Carmelia Shervington','4406688832'),(2292,'43285218','Lock Dunlop','4043849940'),(2293,'9311193','Teador Klouz','6724970662'),(2298,'26711587','Ginelle Rubbens','8115333363'),(2299,'26817857','Hailey Tocknell','8496918814'),(2300,'24346782','Wynn Bixley','5767784667'),(2302,'43939645','Marijo McGlade','3935030234'),(2303,'44516465','Wallie Hatter','7082950225'),(2305,'48122159','Kimmy Caskey','1805911645'),(2306,'28983983','Nadine Newham','5029977264'),(2307,'35986273','Vince Kelle','1428700418'),(2308,'26383310','Avie Chalfant','9667356931'),(2309,'49632892','Myrilla Thorns','1966802036'),(2320,'28492523','Emlyn Lisamore','4505177113'),(2324,'46043690','Melisa Kaszper','7973091294'),(2325,'31186467','Roger Chatt','8313955197'),(2327,'34269756','Wileen Heys','7001617526'),(2328,'32263355','Farrel Cicci','1921916935'),(2329,'11498801','Rasla Trainor','4903653871'),(2330,'13919863','Judi Harbisher','3538061105'),(2331,'48039822','Consuelo Feldman','2015764499'),(2333,'13998227','Octavius Bastiman','4386860969'),(2334,'28641432','Tim Keri','1217407077'),(2335,'48959366','Gregory Asals','5216138774'),(2338,'44265993','Merrili Luckcock','4812742516'),(2339,'47135240','Adah Holttom','3792528348'),(2342,'43646890','Caspar Traher','9539736116'),(2344,'41506408','Isis Fealty','3759744981'),(2345,'42542971','Mick Westcott','2974823332'),(2346,'30625977','Erie Betjes','4522716114'),(2347,'18228060','Korie Cordelle','5673420656'),(2349,'18117304','Kerri O\'Kinedy','3696265925'),(2350,'43643987','Latisha Hauxwell','5484802197'),(2351,'14456399','Berty Patsall','4153701206'),(2353,'42553180','Caressa O\'Dunneen','8077036395'),(2354,'15992829','Wyatt Normington','7741557539'),(2357,'29791482','Lisa Abramson','2611700690'),(2358,'14110906','Clementius Spikins','2996359317'),(2359,'27366960','Margi Westmorland','1656894966'),(2360,'34668804','Harley FitzGilbert','8721834776'),(2362,'32710408','Reagen Kener','5619911812'),(2363,'37185301','Bobette Loiterton','4454978106'),(2364,'33654106','Cyrill Ewbanck','8512137536'),(2366,'46976396','Ralph Arnefield','2814680363'),(2367,'22837820','Valentia McPeake','3834835304'),(2368,'45120905','Beverie Standon','4655340072'),(2370,'17841070','Jackelyn Goney','2849998013'),(2371,'44832304','Cacilie Ferier','6891059589'),(2372,'44926476','Roch Gillopp','3079027810'),(2373,'29566306','Darby Tommen','1436448777'),(2375,'17937489','Wenona Ribchester','4698890227'),(2376,'16655389','Celinda Kemson','6107443457'),(2377,'42271286','Cinnamon Cussen','8254266275'),(2380,'12112104','Archie Lorkins','6723514558'),(2381,'16662766','Antonietta Kilcullen','4908731437'),(2382,'45113835','Ludvig Marples','3102530035'),(2383,'9687106','Wileen Hillock','7629842630'),(2385,'46449697','Dru Blackden','9946594910'),(2395,'8081903','Boonie Gath','2375746530'),(2396,'10777021','Valene Lambarton','8204910516'),(2397,'26969858','Erich Seaward','8635675889'),(2399,'26426821','Susanetta Dooler','6787832070'),(2400,'14084275','Lura Glozman','1243401121'),(2403,'14694017','Brant Scrymgeour','4692790031'),(2404,'12887624','Clement Hounsom','5672254047'),(2405,'20142499','Emmy Roser','9499971419'),(2406,'31906940','Christi Marcome','4273090490'),(2407,'35786979','Roanna Gurner','9791243350'),(2409,'38685990','Pryce Lambourne','8017334869'),(2410,'33559145','Hedi Haddrill','9013047152'),(2411,'11908294','Adriena Virgo','3388044972'),(2412,'11613447','Sena Rousel','8248578870'),(2413,'26924704','Alfy Treherne','2533237833'),(2414,'39871135','Dori Mance','9692856283'),(2415,'14817310','Pennie Tomaszewski','8902520501'),(2417,'24151120','Mercy Simkovich','5178250891'),(2419,'45233978','Marcelle Robjents','8883704438'),(2420,'23429131','Christos Peregrine','2447525963'),(2423,'41400256','Hally Luard','6899360421'),(2424,'39257201','Trude Feveryear','2184402318'),(2425,'14469102','Reine Artrick','9622174142'),(2427,'44620593','Carce MacShirie','6074468632'),(2428,'40161314','Matelda Rosengren','2084523816'),(2429,'29377123','Inger Ashley','8505564123'),(2430,'23569875','Yolanda Golling','3752273499'),(2431,'24390271','Katti Lassen','6431023174'),(2432,'16843962','Rossy Cheetam','6559073455'),(2433,'21321188','Ferdie Rhodes','4214578396'),(2435,'13857171','Hermie Handscombe','5223717568'),(2438,'45552452','Yank Zaniolo','6369006625'),(2439,'34663000','Corette Southerden','4061728015'),(2441,'17593228','Karel Eidler','6356547929'),(2442,'9895428','Mervin Glazebrook','9451036350'),(2443,'8621086','Minni Farman','7732648163'),(2447,'18318947','Darci Jedrzej','9425759230'),(2448,'27362183','Bobette Dulany','2603880936'),(2450,'28227987','Britni Milton','6966967577'),(2452,'47716322','Karee Feake','6812340767'),(2453,'9192426','Doralin Lyste','6535669991'),(2458,'32021358','Rafa Ruprechter','2313979321'),(2460,'8160029','Westley Swarbrick','4071583534'),(2464,'35945801','Lexy Glanfield','2404618825'),(2465,'31300344','Brad Gummoe','5093896489'),(2466,'19905449','Tanya Salzburg','7665845970'),(2467,'23752952','Ursola Oade','1954260468'),(2468,'19293664','Janeen Oleszkiewicz','3466370708'),(2469,'14108821','Elisabetta Tuther','7368969726'),(2470,'32645465','Heloise Boorman','8829808234'),(2476,'43948037','Andrea Hudson','8451047668'),(2477,'48406755','Alanah Petcher','8835260127'),(2478,'43923747','Jodi Echallier','4764209490'),(2479,'27564245','Tonnie Hirth','2885568643'),(2480,'15681732','Trescha Schmuhl','5693628280'),(2481,'11107694','Zacharia Manoch','3142845000'),(2482,'9452702','Roselia Kamenar','7591980834'),(2484,'13646627','Massimo Pepon','9024648543'),(2486,'45859552','Phillipp Janatka','5314144724'),(2489,'32458474','Prue Sydall','5015907444'),(2490,'34662035','Kayley Vasilevich','2665875304'),(2491,'8733563','Britt Carruth','4569723083'),(2492,'33643364','Jorrie Swait','8559181335'),(2495,'11799705','Maye Gullyes','3837056929'),(2497,'8419144','Nicolis Derrington','9921363374'),(2499,'26266973','Jade Hiddersley','9827706966'),(2500,'48292111','Minor Nerger','7266845951'),(2501,'49371379','Winifield Duncan','2044668213'),(2502,'12726003','Freda Murrison','3336015946'),(2505,'18003379','Tedi Cunningham','4664903564'),(2506,'12984640','Evangelia McKilroe','1271798613'),(2507,'35338329','Roobbie Hylton','3363214296'),(2510,'16108200','Sallyann Harte','2988709011'),(2511,'42984517','Aurelia Trevon','6648569773'),(2512,'20384404','Major Benit','5232193839'),(2514,'9962180','Edna Lawday','5907691819'),(2515,'37984144','Laverna Jimmison','9609875451'),(2516,'34196698','Virginia Radnage','3648431259'),(2517,'30896139','Bride Wealthall','4347314662'),(2518,'21101711','Daniel Corro','2329687223'),(2519,'33048796','Dorry Wincott','6594377923'),(2520,'42221531','Alf Phette','7309589270'),(2521,'25494713','Milty Dannel','2897198019'),(2522,'17568493','Fara Duran','3772169829'),(2525,'43687520','Consalve Seleway','8745836395'),(2528,'11328415','Clarie Camois','6466680175'),(2530,'26350622','Woodie Jayne','3413529836'),(2531,'20171196','Madison Chennells','8812438199'),(2533,'8230580','Cathrine Knightsbridge','1183855787'),(2535,'28148548','Carmel Annell','5287092615'),(2536,'24394762','Gaelan Eacle','5402175876'),(2537,'14446038','Elly Milsom','3881914462'),(2538,'30778963','Ronni Deinhardt','7702085337'),(2540,'8677895','Hortensia Tregona','8629137318'),(2541,'38730492','Stoddard Luca','5037758308'),(2542,'10383222','Parker Bax','9441907855'),(2543,'30850203','Ingeberg Argile','1254472954'),(2544,'8454775','Mamie Krugmann','4697156459'),(2546,'8029904','Leeland Durham','8489326708'),(2549,'27572152','Shirlee McConachie','1288619701'),(2550,'20268408','Alano Peaple','2283278397'),(2551,'37652669','Poul Lowne','9456594647'),(2553,'26738804','Merl Fargie','4435196611'),(2555,'19829984','Sheelagh Necrews','4527284764'),(2556,'9478828','Shanan Wildman','9562868971'),(2557,'22373039','Templeton Speke','7857960452'),(2559,'35196772','Johny Sliman','6474646814'),(2560,'33905495','Blayne Zecchi','6913280645'),(2562,'23979026','Piper Gallager','6676807231'),(2564,'25252096','Mella MacCaull','8119756378'),(2567,'15716098','Jamaal Piecha','4953817540'),(2568,'46813873','Edin Biaggiotti','2761583506'),(2570,'25604846','Kanya Hanhart','8087236276'),(2573,'10086140','Mateo O\'Ferris','5403296203'),(2574,'10186780','Hew Baird','2029423841'),(2577,'25897307','Noak Feifer','2999907137'),(2578,'11902687','Winnie Silcock','8278296879'),(2579,'12192091','Trixi Maddy','2611869419'),(2580,'14119317','Corabella Adolthine','6008880731'),(2582,'21517410','Oliviero Preene','6678097611'),(2583,'40954859','Jacquenette Durrad','1663781373'),(2585,'47649210','Catrina Clohessy','3765790826'),(2586,'46674203','Germaine Folling','1531483386'),(2587,'39959136','Jessalyn Joules','9745022137'),(2589,'43393896','Rivkah Scurfield','3796126571'),(2594,'48824083','Sydel Shackell','6508297650'),(2595,'32254117','Julie Wark','4133920048'),(2596,'13755595','Hew Ivashkin','1016184828'),(2597,'15647426','Allayne Pinner','8752512267'),(2598,'16970472','Lek Mazillius','3046311036'),(2601,'40368884','Kelsy Swansbury','2889410912'),(2602,'37200742','Anastassia Roos','6856362249'),(2603,'43919245','Carola Agge','9829649819'),(2604,'14098390','Christian Durston','9293638200'),(2605,'40107650','Desiree Westgate','3031969793'),(2607,'14089912','Ara Dentith','5709197578'),(2608,'47827894','Shem Featherby','4827387207'),(2609,'27469906','Aundrea Grigsby','8515719962'),(2611,'48107103','Amabel Buzine','2699550418'),(2612,'43305073','Ives Beavon','4921517351'),(2615,'29537664','Dyan Saterthwait','7024272276'),(2616,'31657126','Ricardo Nuccitelli','2655231470'),(2618,'38284051','Augie Reucastle','3477686127'),(2619,'47330904','Joey Enevoldsen','2243059636'),(2620,'24487002','Davidde Aucutt','3297072982'),(2623,'35014379','Roosevelt Borrott','8662190730'),(2626,'10261632','Celisse Corkhill','4062108182'),(2629,'9692374','Stacee Dassindale','5529181977'),(2631,'16649961','Yolande Faherty','8175742593'),(2633,'24588623','Laughton Ottley','6748255327'),(2636,'39528659','Raimondo Boorer','1492757498'),(2639,'48889554','Marianne Whittle','7896923204'),(2641,'41029793','Lyn Peascod','1292523784'),(2643,'9169643','Liliane Klementz','2199212736'),(2644,'35825968','Stevy Dignum','8059276585'),(2645,'28877875','Stacy Eliesco','8174931632'),(2647,'19371246','Gianni Salack','8609640435'),(2648,'14813964','Roseanna Seeborne','2878636832'),(2649,'45059975','Kelcie Fullard','4769013373'),(2651,'47173955','Fitz De Bell','7624465689'),(2654,'49518900','Staffard Akeherst','8708208367'),(2655,'27936721','Selia Hambly','9867021367'),(2656,'43289191','Ilene Scorah','6528450772'),(2658,'31403790','Warde Janks','8229804559'),(2659,'36195851','Joyce Draycott','9891445787'),(2661,'33452355','Willard Champion','1905476952'),(2662,'41237219','Waylen Corbin','2134575469'),(2663,'8075188','Roderigo Vecard','8172503841'),(2664,'26691660','Fawnia Dineen','6691276971'),(2665,'8795828','Danya Stobart','5409530377'),(2667,'14316422','Hildagarde Canet','8051642519'),(2669,'39096463','Daile Woffenden','9027112643'),(2670,'15979634','Kaspar Sothern','1081233129'),(2673,'41457876','Pauletta Jaskowicz','5401952809'),(2674,'43695108','Aundrea Llewellen','3607204835'),(2675,'45072294','Shay Glasgow','3695068019'),(2676,'26922329','Baillie Chippindall','3073586753'),(2677,'33264255','Arabela Daile','1147797705'),(2681,'46601173','Barde Dulson','5674985073'),(2682,'22776029','Charita Hasker','3453026550'),(2683,'45105486','Franz Palfery','2105653275'),(2686,'31611554','Cash Dalla','6127424175'),(2687,'11130444','Beryl Borzone','6298321447'),(2688,'25040618','Cindee Blood','8204504237'),(2689,'49529818','Gilberte Hlavac','5486647906'),(2690,'28431532','Arly Hutson','4347561569'),(2691,'18793168','Hercule Spitell','4007032681'),(2693,'42658056','Dallis Bradden','2168347046'),(2696,'13075589','Odetta Shorie','4843319874'),(2697,'15621291','Joachim Camelin','9461315210'),(2699,'46882115','Sharity Gisbye','5102582887'),(2700,'36608108','Genovera Burnyeat','7691839734'),(2701,'10226633','Indira Iley','4262307778'),(2702,'29410089','Ileana Stean','6056559462'),(2704,'30940029','Gerek Vallance','3866642420'),(2705,'17225371','Hilton Pennicott','1176682953'),(2707,'36956597','Klaus Lawtie','1842811562'),(2709,'9762951','Guilbert Howsego','8168259678'),(2712,'19302376','Cristionna Pretorius','4703071099'),(2713,'38672860','Grazia Castiglio','7772986844'),(2714,'29166750','Dorena Starmont','7348939801'),(2717,'35655633','Theodor Nutley','9952534766'),(2718,'48365741','Gualterio MacManus','4897817481'),(2719,'25242746','Chery Mosby','6218282370'),(2721,'46504506','Gilles Berk','3911228093'),(2722,'30876854','Giorgia Loach','7869761521'),(2724,'19407561','Emyle Gurry','4413849628'),(2725,'43529364','Graeme Raffin','6807605807'),(2726,'19603166','Ina Emsden','1155868225'),(2728,'34073016','Astra Eskrigg','2556960682'),(2730,'34397882','Merilyn Hambric','7161569282'),(2733,'44933993','Felice Goodspeed','3229228233'),(2734,'14764592','Konstance Gowland','2628126452'),(2735,'39676602','Cobby Grief','1983984237'),(2736,'44943733','Vlad Joisce','8157837580'),(2737,'40216295','Nelia Bignal','7926981284'),(2738,'8459717','Adler Niesing','1795636527'),(2739,'47045416','Corabelle Talbot','6542136908'),(2741,'45880115','Buffy Leathwood','4321230211'),(2742,'30285595','Fergus Burge','1445200955'),(2744,'21226507','Romain Trowle','1773944744'),(2745,'28017427','Starla Revelle','5366529936'),(2746,'39941434','Ann Lydden','1539522662'),(2747,'41892344','Sisely Gantzman','3096766734'),(2748,'41815344','Dynah Fiddler','2959953428'),(2749,'34203664','Gladys Meiklem','6454667418'),(2750,'25588455','Tawnya Sandels','6446217412'),(2751,'27489638','Jeannie Thome','5573286090'),(2752,'48260026','Nollie Essex','8709557280'),(2753,'22431708','Vannie Balazs','1038093497'),(2756,'21778726','Leah Songhurst','5734556210'),(2757,'10427258','Jana Leborgne','1683665558'),(2758,'32251469','York Osment','3649398380'),(2759,'32371553','Riki Lorriman','8406532193'),(2760,'44942615','Tamqrah Springtorpe','8574231814'),(2761,'45707807','Nikolia Domenici','2316554458'),(2762,'13372265','Abbie Pyson','6513210811'),(2763,'33216295','Zaneta Tookey','3957611715'),(2765,'49882764','Stepha Tilberry','5556845353'),(2766,'39570584','Onfroi Everal','1824010288'),(2767,'29605025','Ronnica Gianasi','6015973988'),(2768,'11922900','Sofia Alders','5058380290'),(2769,'46019304','Philip Sumers','1071435116'),(2770,'25882765','Itch Bresnahan','1091675786'),(2771,'45604473','Clemmie Forward','1129263747'),(2775,'24638231','Lester Morrice','7119473250'),(2776,'28953720','Vasili Shenfish','4667243168'),(2778,'40745799','Adriena Gandey','7564567124'),(2779,'28260549','Kelsey Cocking','7137083465'),(2780,'13153407','Mattheus Fairclough','3812532254'),(2781,'13137906','Fredric Jinkinson','6022871382'),(2783,'34088141','Eugenia Tyndall','9967333120'),(2784,'21327591','Teri Yalden','7575751998'),(2785,'24820691','Dixie Peagram','8506068544'),(2786,'30307756','Dorothy Kiddye','4388640752'),(2787,'36967761','Puff Oneal','7725946163'),(2788,'26756793','Mattie Ondrasek','2769520719'),(2790,'36288158','Irvine Bedham','1342667824'),(2791,'19895878','Merna Geydon','5317255111'),(2792,'41365164','Elnora Jurasek','6634039552'),(2793,'27772942','Wiley Symondson','2512013384'),(2794,'40112612','Fairlie Corey','1157392098'),(2795,'25648729','Bearnard Coupe','5699440213'),(2796,'17266577','Gordie Quogan','1214914007'),(2797,'39912148','Egon Gitthouse','7559446528'),(2798,'31257673','Shell Fateley','6509623437'),(2799,'12039748','Hughie Moorcraft','6418441127'),(2801,'17741072','Susanne Guthrie','2946918083'),(2802,'32486711','Jerry Deakes','9642314430'),(2803,'34729868','Ward Cagan','9181060059'),(2804,'19506151','Annissa Beves','4283181789'),(2805,'18222318','Ilaire Janeczek','9719460229'),(2809,'36863633','Brynn Aubury','1284804790'),(2810,'18950579','Zsa zsa Postles','8878368721'),(2811,'39034039','Wittie Shower','5288204012'),(2814,'40598430','Camella Kingswoode','6461696358'),(2815,'41959374','Englebert Geraudel','1445980395'),(2816,'9200442','Carlina Lukacs','8284117329'),(2817,'46256946','Renae Mattioli','4463166116'),(2818,'42328688','Em Highton','5563314304'),(2819,'38982522','Colin Lindstedt','5839907606'),(2820,'13913100','Penelope Tonge','8389785218'),(2822,'44703811','Bruis Scamwell','4902699654'),(2825,'29403740','Marcia McAteer','1365509766'),(2826,'19395028','Syd Wardall','7265656798'),(2827,'8185749','Katya Povele','6694685866'),(2828,'43416918','Alexine Lockyer','6463578906'),(2830,'49227522','Heloise MacCauley','2627781927'),(2831,'43590523','Callean McVaugh','4066811202'),(2833,'39903582','Hamlin Loeber','4408341862'),(2834,'20023564','Ravi Tieman','7304635063'),(2835,'49940436','Jourdan Asaaf','4639362900'),(2838,'9132384','Shena Mayberry','5311709359'),(2839,'27478348','Lena Casbolt','8208825458'),(2841,'26286383','Fleurette Luton','8669481247'),(2846,'19388335','Clari Halse','2254732184'),(2847,'15660159','Aylmar Quilleash','7127349675'),(2848,'34639788','Reed Fernley','2146686872'),(2849,'36806861','Alison Kime','1452906794'),(2850,'10393291','Bryna Lyven','8694159460'),(2851,'18536044','Glyn Charopen','1496570459'),(2852,'20347440','Kathryn Wooster','3663935340'),(2854,'27898473','Doralynne Vanin','9035292012'),(2855,'44477344','Josiah Spens','5484064447'),(2856,'23342603','Svend Scamwell','6003706125'),(2857,'23629112','Wallie Wedmore','9391898513'),(2858,'36995558','Carla Chritchley','1079350581'),(2860,'26297952','Lavena Cassie','2862006811'),(2861,'12665233','Tulley Aitchison','4221454835'),(2864,'19246692','Ferd Hallor','8777812941'),(2865,'33545602','Teresita Waldock','4666801862'),(2866,'19873102','Linn Rodell','8927335316'),(2867,'27541797','Daffi Bainton','9759624254'),(2868,'9976699','Mikael MacDowal','4786648065'),(2871,'29742695','Rosalyn Souter','9554608846'),(2872,'34845763','Karney Villalta','4388500066'),(2874,'24279796','Orelee Brimble','9123719264'),(2876,'42203548','Amerigo Micheau','1853894622'),(2878,'41963051','Osbourn Ivashin','7458938906'),(2880,'31069899','Pietra Polack','1833349129'),(2881,'8465942','Allix Daggett','2297880045'),(2882,'9996223','Miran Spink','5855616138'),(2883,'48776045','Florence Laite','8156929987'),(2885,'40260356','Faythe Tant','1551143885'),(2886,'15813529','Thorndike Went','4218900347'),(2887,'26556920','Elora Cuell','4703749245'),(2889,'22322701','Nance D\'Agostini','9762492876'),(2890,'38256596','Ashbey Rubert','4212079611'),(2891,'37212179','Dewitt Isakov','2012162914'),(2893,'26424793','Krishnah Pernell','8233133418'),(2895,'32544864','Sydney Pea','7597264222'),(2898,'22377857','Hanny Kissick','5882105769'),(2899,'20262596','Bevon Acosta','3694474936'),(2902,'42148874','Greg Blanket','6424087194'),(2906,'24210468','Tory Smallshaw','5112552202'),(2908,'15794446','Gustave Crossthwaite','7399945455'),(2909,'14995994','Mortie Bonallick','2963673158'),(2910,'46125939','Taddeo Baile','6064607552'),(2913,'47892231','Etta Boddymead','5555823583'),(2916,'38580212','Denni Taysbil','9137465810'),(2917,'16532696','Erroll Tejero','1865244248'),(2918,'44524528','Lulu Austins','3014963356'),(2921,'38355184','Tedra Kerwick','1898294661'),(2922,'37645201','Domingo Coleiro','4077918585'),(2923,'12572127','Terri Morde','5056410852'),(2924,'26419580','Meggi Kreber','2071416429'),(2925,'34601697','Belva Ducastel','4268707723'),(2930,'16156132','Sara Chanders','9038196375'),(2932,'49366446','Corilla Durnford','8487615981'),(2933,'17384144','Hanny Yurinov','7069955312'),(2935,'33772202','Symon Dubarry','9992021148'),(2936,'43069947','Vonni Duggon','5168057679'),(2937,'49408930','Matt Gethings','7418797470'),(2938,'18736139','Lezlie Naish','2364284283'),(2939,'37588008','Fidela Ruoff','7214928955'),(2940,'17015210','Aubree Brosel','7119333615'),(2941,'36522469','Diandra Perfitt','5369505297'),(2943,'29521283','Laryssa Mollett','7346342787'),(2946,'44713354','Forrest Cutler','7558908045'),(2947,'17403578','Sabina Celez','4582322481'),(2952,'11814220','Lena Scrigmour','7991242116'),(2953,'47596904','Hilde Beeke','8491776723'),(2955,'45827441','Caterina Ferentz','8189425755'),(2956,'38373972','Chariot Legrice','3225923287'),(2958,'49088486','Leena Cridge','8212270896'),(2959,'13296683','Chauncey Polson','9205522879'),(2960,'8115745','Hortensia Pincott','1611524636'),(2964,'23779965','Davidson Remnant','4582724630'),(2965,'9802509','Oneida Brade','4048163695'),(2967,'16748787','Kaitlyn Westnage','3392177574'),(2968,'21884402','Lorna Laise','9026141802'),(2969,'42751842','Taryn Benitez','8187615726'),(2970,'35435388','Vidovik Bushell','8787102136'),(2977,'22480767','Erinn Rehm','6873855699'),(2979,'38012115','Bucky McChruiter','6437665881'),(2981,'44679492','Dino Bizzey','2302219251'),(2982,'49407631','Boycie Trevance','1454174200'),(2984,'17379954','Claresta Britcher','2114784908'),(2987,'47424119','Jakob Widdup','5079995037'),(2988,'27381842','Doria Beckerleg','9552715468'),(2989,'11590550','Khalil Hamper','6512007332'),(2991,'14902004','Joela Lockyer','6858144755'),(2993,'33190249','Karleen Pollastrino','3133081513'),(2994,'25335165','Kalie Clowton','5754924227'),(2995,'48235791','Zelda Robertsen','6657632369'),(2996,'31118288','Clarance Mityashin','6784508215'),(2999,'14200199','Noelle Pikett','8476163627'),(3000,'42609399','Renata Stollsteiner','6476471442');

/*Table structure for table `departamentos` */

DROP TABLE IF EXISTS `departamentos`;

CREATE TABLE `departamentos` (
  `id` int(10) NOT NULL AUTO_INCREMENT,
  `n_departamento` varchar(50) NOT NULL,
  `id_pais` int(10) DEFAULT NULL,
  PRIMARY KEY (`id`),
  KEY `id_pais` (`id_pais`),
  CONSTRAINT `departamentos_ibfk_1` FOREIGN KEY (`id_pais`) REFERENCES `paises` (`id`)
) ENGINE=InnoDB AUTO_INCREMENT=34 DEFAULT CHARSET=utf8;

/*Data for the table `departamentos` */

insert  into `departamentos`(`id`,`n_departamento`,`id_pais`) values (1,'ANTIOQUIA',39),(2,'ATLANTICO',39),(3,'BOGOTA',39),(4,'BOLIVAR',39),(5,'BOYACA',39),(6,'CALDAS',39),(7,'CAQUETA',39),(8,'CAUCA',39),(9,'CESAR',39),(10,'CORDOBA',39),(11,'CUNDINAMARCA',39),(12,'CHOCO',39),(13,'HUILA',39),(14,'LA GUAJIRA',39),(15,'MAGDALENA',39),(16,'META',39),(17,'NARIÑO',39),(18,'N. DE SANTANDER',39),(19,'QUINDIO',39),(20,'RISARALDA',39),(21,'SANTANDER',39),(22,'SUCRE',39),(23,'TOLIMA',39),(24,'VALLE DEL CAUCA',39),(25,'ARAUCA',39),(26,'CASANARE',39),(27,'PUTUMAYO',39),(28,'SAN ANDRES',39),(29,'AMAZONAS',39),(30,'GUAINIA',39),(31,'GUAVIARE',39),(32,'VAUPES',39),(33,'VICHADA',39);

/*Table structure for table `paises` */

DROP TABLE IF EXISTS `paises`;

CREATE TABLE `paises` (
  `id` int(10) NOT NULL AUTO_INCREMENT,
  `n_pais` varchar(50) NOT NULL,
  `codigo` varchar(10) DEFAULT NULL,
  PRIMARY KEY (`id`)
) ENGINE=InnoDB AUTO_INCREMENT=196 DEFAULT CHARSET=utf8;

/*Data for the table `paises` */

insert  into `paises`(`id`,`n_pais`,`codigo`) values (1,'Albania',NULL),(2,'Alemania',NULL),(3,'Andorra',NULL),(4,'Angola',NULL),(5,'Antigua y Barbuda',NULL),(6,'Arabia Saudita',NULL),(7,'Argelia',NULL),(8,'Argentina',NULL),(9,'Armenia',NULL),(10,'Australia',NULL),(11,'Austria',NULL),(12,'Azerbaiyán',NULL),(13,'Bahamas',NULL),(14,'Bahrein',NULL),(15,'Bangladesh',NULL),(16,'Barbados',NULL),(17,'Belarús',NULL),(18,'Belice',NULL),(19,'Benin',NULL),(20,'Bhután',NULL),(21,'Bolivia (Estado Plurinacional de)',NULL),(22,'Bosnia y Herzegovina',NULL),(23,'Botswana',NULL),(24,'Brasil',NULL),(25,'Brunei Darussalam',NULL),(26,'Bulgaria',NULL),(27,'Burkina Faso',NULL),(28,'Burundi',NULL),(29,'Bélgica',NULL),(30,'Cabo Verde',NULL),(31,'Camboya',NULL),(32,'Camerún',NULL),(33,'Canadá',NULL),(34,'Chad',NULL),(35,'Chequia',NULL),(36,'Chile',NULL),(37,'China',NULL),(38,'Chipre',NULL),(39,'Colombia',NULL),(40,'Comoras',NULL),(41,'Congo',NULL),(42,'Costa Rica',NULL),(43,'Croacia',NULL),(44,'Cuba',NULL),(45,'Côte d\'Ivoire',NULL),(46,'Dinamarca',NULL),(47,'Djibouti',NULL),(48,'Dominica',NULL),(49,'Ecuador',NULL),(50,'Egipto',NULL),(51,'El Salvador',NULL),(52,'Emiratos Árabes Unidos',NULL),(53,'Eritrea',NULL),(54,'Eslovaquia',NULL),(55,'Eslovenia',NULL),(56,'España',NULL),(57,'Estados Unidos de América',NULL),(58,'Estonia',NULL),(59,'Eswatini',NULL),(60,'Etiopía',NULL),(61,'Federación de Rusia',NULL),(62,'Fiji',NULL),(63,'Filipinas',NULL),(64,'Finlandia',NULL),(65,'Francia',NULL),(66,'Gabón',NULL),(67,'Gambia',NULL),(68,'Georgia',NULL),(69,'Ghana',NULL),(70,'Granada',NULL),(71,'Grecia',NULL),(72,'Guatemala',NULL),(73,'Guinea',NULL),(74,'Guinea Ecuatorial',NULL),(75,'Guinea-Bissau',NULL),(76,'Guyana',NULL),(77,'Haití',NULL),(78,'Honduras',NULL),(79,'Hungría',NULL),(80,'India',NULL),(81,'Indonesia',NULL),(82,'Iraq',NULL),(83,'Irlanda',NULL),(84,'Irán (República Islámica del)',NULL),(85,'Islandia',NULL),(86,'Islas Cook',NULL),(87,'Islas Feroe',NULL),(88,'Islas Marshall',NULL),(89,'Islas Salomón',NULL),(90,'Israel',NULL),(91,'Italia',NULL),(92,'Jamaica',NULL),(93,'Japón',NULL),(94,'Jordania',NULL),(95,'Kazajstán',NULL),(96,'Kenya',NULL),(97,'Kirguistán',NULL),(98,'Kiribati',NULL),(99,'Kuwait',NULL),(100,'Lesotho',NULL),(101,'Letonia',NULL),(102,'Liberia',NULL),(103,'Libia',NULL),(104,'Lituania',NULL),(105,'Luxemburgo',NULL),(106,'Líbano',NULL),(107,'Macedonia del Norte',NULL),(108,'Madagascar',NULL),(109,'Malasia',NULL),(110,'Malawi',NULL),(111,'Maldivas',NULL),(112,'Malta',NULL),(113,'Malí',NULL),(114,'Marruecos',NULL),(115,'Mauricio',NULL),(116,'Mauritania',NULL),(117,'Micronesia (Estados Federados de)',NULL),(118,'Mongolia',NULL),(119,'Montenegro',NULL),(120,'Mozambique',NULL),(121,'Myanmar',NULL),(122,'México',NULL),(123,'Mónaco',NULL),(124,'Namibia',NULL),(125,'Nauru',NULL),(126,'Nepal',NULL),(127,'Nicaragua',NULL),(128,'Nigeria',NULL),(129,'Niue',NULL),(130,'Noruega',NULL),(131,'Nueva Zelandia',NULL),(132,'Níger',NULL),(133,'Omán',NULL),(134,'Pakistán',NULL),(135,'Palau',NULL),(136,'Panamá',NULL),(137,'Papua Nueva Guinea',NULL),(138,'Paraguay',NULL),(139,'Países Bajos',NULL),(140,'Perú',NULL),(141,'Polonia',NULL),(142,'Portugal',NULL),(143,'Qatar',NULL),(144,'Reino Unido de Gran Bretaña e Irlanda del Norte',NULL),(145,'República Centroafricana',NULL),(146,'República Democrática Popular Lao',NULL),(147,'República Democrática del Congo',NULL),(148,'República Dominicana',NULL),(149,'República Popular Democrática de Corea',NULL),(150,'República Unida de Tanzanía',NULL),(151,'República de Corea',NULL),(152,'República de Moldova',NULL),(153,'República Árabe Siria',NULL),(154,'Rumania',NULL),(155,'Rwanda',NULL),(156,'Saint Kitts y Nevis',NULL),(157,'Samoa',NULL),(158,'San Marino',NULL),(159,'San Vicente y las Granadinas',NULL),(160,'Santa Lucía',NULL),(161,'Santo Tomé y Príncipe',NULL),(162,'Senegal',NULL),(163,'Serbia',NULL),(164,'Seychelles',NULL),(165,'Sierra Leona',NULL),(166,'Singapur',NULL),(167,'Somalia',NULL),(168,'Sri Lanka',NULL),(169,'Sudáfrica',NULL),(170,'Sudán',NULL),(171,'Sudán del Sur',NULL),(172,'Suecia',NULL),(173,'Suiza',NULL),(174,'Suriname',NULL),(175,'Tailandia',NULL),(176,'Tayikistán',NULL),(177,'Timor-Leste',NULL),(178,'Togo',NULL),(179,'Tokelau',NULL),(180,'Tonga',NULL),(181,'Trinidad y Tabago',NULL),(182,'Turkmenistán',NULL),(183,'Turquía',NULL),(184,'Tuvalu',NULL),(185,'Túnez',NULL),(186,'Ucrania',NULL),(187,'Uganda',NULL),(188,'Uruguay',NULL),(189,'Uzbekistán',NULL),(190,'Vanuatu',NULL),(191,'Venezuela (República Bolivariana de)',NULL),(192,'Viet Nam',NULL),(193,'Yemen',NULL),(194,'Zambia',NULL),(195,'Zimbabwe',NULL);

/*Table structure for table `personal` */

DROP TABLE IF EXISTS `personal`;

CREATE TABLE `personal` (
  `id` int(10) NOT NULL AUTO_INCREMENT,
  `identificacion` varchar(20) NOT NULL,
  `nombre_personal` varchar(60) NOT NULL,
  `contacto_principal` varchar(20) NOT NULL,
  PRIMARY KEY (`id`)
) ENGINE=InnoDB AUTO_INCREMENT=1000 DEFAULT CHARSET=utf8;

/*Data for the table `personal` */

insert  into `personal`(`id`,`identificacion`,`nombre_personal`,`contacto_principal`) values (1,'2392392','Anson Gatty','1025919121'),(4,'1546630','Blaine Grzegorek','6396709624'),(5,'2911611','Leandra Stoter','3453411622'),(8,'2679370','Evangelina Cragell','5043365935'),(9,'4312161','Travers Kall','8313980184'),(12,'1531678','Maddy Lenihan','5443085229'),(15,'4156446','Matias O\'Logan','1979242551'),(16,'4446125','Friedrick Leadbetter','7724203215'),(18,'3660035','Lindsay Cheng','7383896009'),(19,'1730987','Cornelle Biskupiak','3308479203'),(20,'4628828','Yves Gaffer','9653694674'),(23,'6154149','Haskel Woodall','7786329979'),(24,'5702230','Enid Lightowler','6115781974'),(27,'6827940','Jenilee Courtin','4315354882'),(28,'5370770','Annabal Medland','7933627124'),(29,'4238032','Tommie Gerry','9464684196'),(31,'3576894','Tadeo Lusted','4528216980'),(33,'3074299','Barbra O\'Heneghan','8381382176'),(34,'2630015','Letta Spavon','2321571286'),(35,'4228616','Brandy Creed','1231272646'),(38,'6248029','Roda Kinneally','6329131605'),(40,'3246874','Roseline Clapshaw','3869689676'),(44,'5803956','Roddy Caslane','6793986394'),(45,'6169484','Hill Coe','7042545227'),(47,'6111309','Dav Millins','6001072160'),(49,'2287317','Christian Phipard-Shears','4965253643'),(50,'3660976','Edithe Foster-Smith','9337629268'),(51,'3308367','Raphaela Beynkn','8574817310'),(53,'5161913','Adams Hurling','1681654300'),(54,'2704036','Nerta Sonschein','9926887816'),(55,'3963411','Brett Kilmurry','4593991338'),(57,'5452674','Bernie Redfearn','3316870538'),(58,'3755902','Wilbur Mogenot','5783099904'),(59,'6434643','Josy Petel','2009745848'),(60,'6396772','Cammy Durban','2397077219'),(63,'1235591','Ogdon Kiggel','5042291624'),(66,'3828248','Ainsley Drever','5951808592'),(67,'6943423','Morie Smail','6057084421'),(68,'5209332','Seka Casine','2023578720'),(71,'1489258','Matias Lackeye','4294999751'),(72,'4975760','Bentley Zarfat','3494573108'),(74,'4936065','Rubi Dace','9595215898'),(75,'3637020','North Dahmel','5731332766'),(76,'6663563','Beauregard Dalwood','2734639846'),(78,'6172506','Reece Bleibaum','7769735369'),(80,'3954233','Ladonna Bootell','3319970101'),(82,'6711748','Monroe Ison','2146204013'),(83,'5786311','Ramsey McKelvey','5294191235'),(85,'3004532','Raquel Sandom','9686806266'),(86,'1541229','Rockie Lesper','4101342707'),(88,'3696117','Rollo Heyball','7586478381'),(89,'4824534','Giselbert Hinchon','7039075547'),(92,'4462520','Doyle Lynas','8445185904'),(94,'3590780','Nefen Orgee','9452157907'),(96,'4289387','Abelard Milburn','4758356884'),(97,'6008878','Sephira DelaField','5639675512'),(99,'2171405','Kassandra Blofield','1073664645'),(100,'1243821','Abbe Spat','5024084380'),(101,'5923825','Essie Pinner','7018304028'),(104,'1780608','Barbey Paulat','8406437198'),(105,'6319196','Abbie Newitt','9421662803'),(106,'6331851','Claudell Stoaks','1161064048'),(107,'3432225','Cletis Burchett','4738319435'),(109,'4016293','Kristen Bindin','6457943288'),(111,'5227015','Townsend Pariso','1161680977'),(112,'1950700','Keely Beeston','4721616340'),(113,'2133043','Saraann Velten','1259888560'),(114,'6058298','Hollis Salling','3334220736'),(115,'4474278','Harcourt Abrahams','6314862577'),(116,'1409407','Reece Esby','3127286976'),(120,'5791353','Jeff Barber','2876674968'),(122,'4938668','Goldarina Aristide','7898152103'),(123,'1771352','Noelyn Keigher','1465395084'),(126,'2328651','Ainslie Suatt','6815055911'),(127,'6840310','Lorilyn Ockwell','8583686595'),(129,'3744968','Udale Bridden','2377935089'),(132,'6462758','Fidelio Ladd','1994918559'),(133,'1569741','Humbert Mahoney','3209719324'),(134,'5506478','Dud Anster','5909065207'),(135,'1396355','Bernette Clutram','5242448955'),(136,'6999991','Patrice Stowers','5696976347'),(139,'4996047','Billy Wellum','5471917188'),(140,'1463127','Giacinta Weatherdon','6967078583'),(141,'3164941','Rachel Antognozzii','6547821034'),(142,'5402549','Lukas Louden','4298585639'),(143,'3897169','Hillard De Lascy','5278262867'),(146,'5440623','Chrysler Bignal','6274280487'),(149,'3394240','Monique Ferryman','7137094981'),(150,'4959265','Joeann Littlemore','9549945485'),(152,'3150646','Shel Dumbrill','9851584088'),(153,'2535211','Stefano Stoker','9826957392'),(154,'5738575','Nealy Archbald','7223556110'),(155,'5910104','Jeni Calles','9401195060'),(156,'1375839','Elset Lonsdale','7943991886'),(157,'3573079','Lin Bunton','6523468871'),(160,'6879222','Noellyn Pywell','3421335423'),(162,'3988649','Gerladina Pinn','4673793557'),(163,'6991393','Wald Twelve','9191862664'),(165,'5949413','Perla Pittle','6683903835'),(166,'5375704','Osgood Kuhl','2384204453'),(167,'3642883','Eldridge Fairley','7904404479'),(168,'3406854','Arleen Trebbett','6033950010'),(171,'5315647','Erv Bennetts','9766163899'),(172,'3805483','Bobette Maulin','8318277687'),(176,'1970703','Germaine Kingsford','7803275920'),(177,'3729044','Alberik Mylechreest','2065077013'),(178,'5831670','Lombard Buzek','5852643156'),(179,'3691301','Madalyn Gwilliams','7439450717'),(182,'6065470','Nedda Elston','2781476372'),(183,'5436203','Aurelea Honeywood','8771819582'),(184,'6884765','Sibley Fansy','1464908159'),(187,'2654568','Rosa Glencrosche','9366869697'),(189,'1183650','Jesse Feehan','6106548875'),(191,'3168713','Shayna Iacovolo','4766293584'),(192,'1883371','Brion Edgeler','8777912942'),(194,'5037124','Artemus Houchin','6107461582'),(196,'4330443','Lorraine Peery','9331813864'),(197,'2498084','Thia Merrigan','1282341492'),(199,'6222538','Sherry Anderl','6322968921'),(200,'2363390','Jamesy Groveham','3062719559'),(201,'1459590','Bernice Coultass','8493069847'),(202,'1032234','Adoree Scamwell','5297835136'),(204,'4046499','Vannie Fidge','8145472387'),(205,'2065242','Jacquette Jedrzejczyk','4529460090'),(206,'5364114','Blinni Shergill','4935095625'),(210,'3238460','Kiley Millbank','5996442808'),(211,'2956079','Shandy Davion','7753117074'),(212,'6734251','Lorenzo Chamberlaine','9369592168'),(213,'6991097','Jan Starmont','3678497244'),(214,'1543993','Arnie Fallowes','5147071300'),(215,'3083238','Marinna Kernermann','8603651855'),(216,'2871574','Rori Ducker','7591725197'),(218,'1103987','Lydon Tillerton','5989737623'),(219,'5648737','Shara Comiskey','7407000590'),(221,'3839213','Lon Sabey','6937686590'),(222,'6427405','Paulie Draijer','6966317048'),(223,'5834839','Josee Writtle','5983508068'),(224,'5929002','Stace Swin','4671356737'),(225,'1890546','Patricia Roughsedge','4613121095'),(226,'1509607','Raine Romke','3226092599'),(229,'2526102','Yvette Llywarch','6487980331'),(230,'3604772','Arlene Zannutti','8729394360'),(232,'3261790','Jdavie Taudevin','4635369547'),(233,'4468488','Patrice Cruwys','7833143427'),(236,'4504394','Delainey Betjeman','6425715487'),(237,'4314338','Tabbie Ciementini','2321060071'),(238,'2982792','Theodosia Bartosik','7187050191'),(239,'4797315','Rakel Silly','6255149461'),(240,'5077567','Lukas Westhead','5489396474'),(242,'3510352','Donnamarie Fraser','8891847521'),(243,'1644652','Sofie Domelaw','9962238741'),(244,'1433542','Tab Courtois','7039546841'),(245,'3059859','Simona L\'oiseau','8898648465'),(246,'2660769','Bentley Marques','7431269489'),(247,'5766780','Ephraim Ferson','3924703763'),(248,'6291010','Eartha Portt','8404383537'),(249,'4676786','Evelina Pardoe','1702291421'),(252,'5695352','Ardath Hollingsby','1865394911'),(253,'4823742','Tabbie Overthrow','2464290001'),(255,'1289004','Sam Lanston','3033519710'),(257,'3095325','Ardine Paulig','2623303015'),(258,'1414219','Trixy MacMeeking','1546239333'),(259,'3373901','Neda Bonick','7098653400'),(260,'1624061','Henry Copcott','3036571577'),(263,'3530778','Juan Bener','4774428724'),(267,'3570531','Carlin Spileman','3754917227'),(268,'4368838','Eada Shoosmith','5205054564'),(269,'6668217','Thomas Blackshaw','1522794850'),(270,'2335303','Jodie Walduck','7567007053'),(272,'2937204','Thorvald Marskell','5795291556'),(273,'6304152','Donella Gisbourn','3596379208'),(275,'4995787','Aleen Epinay','2142938818'),(276,'4885603','Magda Schiell','5434401517'),(277,'4232397','Nicoline Westcarr','2672257825'),(278,'6253542','Alfy Trulock','3382266306'),(279,'2657473','Steffi Heinonen','6432717461'),(280,'2509617','Happy Honatsch','2845294603'),(286,'1299409','Darill Hannond','7894490333'),(287,'6247352','Lilia Bentall','1492354494'),(288,'6424860','Rusty Bartke','3397608986'),(289,'1871252','Elmo Cadd','1757030182'),(292,'2399659','Saraann Cardoo','6264665692'),(293,'2293586','Clarita O\'Scully','7564051971'),(295,'6636297','Stevie Ducker','7557955446'),(296,'5977975','Henderson Antoniades','5964122277'),(297,'4460245','Ferdinande McRuvie','7651966058'),(299,'1898803','Kasper Hodges','7189994459'),(300,'2252368','Arlena Graysmark','5366184729'),(301,'6086373','Goldia Goodby','2858206803'),(302,'6677720','Elnore Baselio','9268176051'),(303,'4635931','Georgetta Denisot','9169935970'),(304,'4321992','Agnes Addionizio','5498089749'),(305,'4180998','Karoly Iles','3608543588'),(306,'3411637','Henry Cornilli','3756340565'),(307,'2185922','Kinnie Goldwater','4735353523'),(308,'4685957','Rosita Mattock','2226838759'),(309,'6478980','Norry Bilborough','3304394327'),(312,'3305766','Hanny Johannesson','5866686996'),(313,'3391698','Sarajane Tallyn','9465656407'),(315,'1817265','Dorena Iohananof','7113072285'),(318,'4042912','Trever Keighly','5924084371'),(320,'6795600','Tami Bembrick','6619687752'),(322,'5526970','Barris Huston','2196126075'),(323,'6026462','Bink Karpychev','1326469173'),(326,'1242555','Sonnie Mantione','8876708156'),(327,'4876300','Ronna Dorken','9536497670'),(330,'1794237','Cosimo Morcom','1021729903'),(331,'4943949','Franny Lantoph','6805413644'),(333,'3330278','Fianna Aberkirdo','7401464041'),(335,'4574010','Joice Fehners','2949296601'),(338,'5405310','Joshia Sifflett','1282274914'),(340,'2648230','Andrus Hast','7041166903'),(342,'4128967','Issi Salack','2083028986'),(344,'2410864','Aguste Geockle','2914540678'),(345,'4494335','Marcille Speake','7834596174'),(347,'2753153','Willow Wethered','3292016957'),(348,'3606253','Mufinella Cannavan','9067137628'),(349,'1242490','Berty Chancelier','8208413183'),(350,'4376425','Gibby Marielle','4771218502'),(352,'6973834','Aloise Marcu','4954747117'),(355,'1026102','Elsworth Braunfeld','6666939618'),(357,'3894852','Ryan Grandham','8949688669'),(358,'5193896','Kassie Lesly','2362724169'),(364,'1831619','Hersh Roos','9306621525'),(367,'1566189','Christian Trimmill','3838549857'),(368,'1191549','Hobey Winslow','2756587126'),(369,'4966851','Andeee Berzin','5883748035'),(372,'6511220','Addy Rubertis','1685265043'),(373,'5690205','Torre Hansen','1688122425'),(375,'4356975','Scarlett Windrum','9545793088'),(376,'6980285','Gerri Fleote','5961879063'),(377,'3590276','Allen Ferenczi','5908128394'),(382,'3167526','Marline Gregoire','3372003158'),(383,'3829541','June Knoton','4955131174'),(384,'1419952','Charleen Philipeaux','3937596738'),(386,'6037294','Lev Masi','6527472998'),(387,'3480859','Martin Vasentsov','1031350809'),(388,'5462026','Bren Schubbert','9207823425'),(389,'4198249','Jose Woodeson','5122030663'),(390,'5582209','Elfrida Sutherland','9161839180'),(391,'6476764','Yorgos Ninnotti','1652483331'),(392,'3986235','Martha Grimme','6424663359'),(395,'4193436','Dwight Franzotto','6783355031'),(396,'5016632','Lyell Banthorpe','5972227536'),(399,'4818009','Carlen Shurmore','8364650819'),(402,'2016363','Alford Bromehead','8073448158'),(404,'6840375','Caprice Hancill','8708433009'),(407,'6893581','Barret Nestoruk','4577175306'),(409,'6104791','Salvatore Ewbach','5108956409'),(410,'3699028','Mead Shugg','5751506145'),(411,'4569454','Brion Dennerley','7524945322'),(413,'1115144','Gigi Gaynesford','9895923859'),(414,'4518873','Cecile Sterling','2157087750'),(416,'4821093','Early Brumby','5262741484'),(417,'1406327','Jamie Oakhill','1712126667'),(419,'3486289','Remy Bursnell','1557644730'),(420,'4257144','Rawley Hullah','9352810022'),(422,'3560674','Leilah Winscom','7857435873'),(424,'3894028','Valdemar Wybron','6178485464'),(425,'2249060','Jeffy MacUchadair','4821020550'),(426,'4029799','Rosette Laffin','5332437496'),(427,'3470998','Nick Flooks','9657991840'),(429,'3075138','Amara Zieme','4907826360'),(430,'1143347','Rois Crees','2607776965'),(432,'1732350','Gabriele O\'Brallaghan','1187850401'),(433,'6584437','Louise Askwith','7035018398'),(434,'2810484','Huey Pavlata','2283175294'),(435,'3141066','Armin Walewski','2342437080'),(436,'3403867','Genni Cordey','1151214455'),(437,'6100295','Nana Boshell','9288343211'),(438,'6401059','Frederigo Truitt','8319219638'),(439,'1635067','Moises Hutchinson','7904252022'),(441,'1397728','Gretna Vitte','4236725559'),(443,'1107333','Eolande Gude','5555335923'),(444,'6359493','Zed Woodison','4789277741'),(445,'4892635','Vidovik Fyers','4157343206'),(447,'1181009','Borg Crumpe','7549722407'),(449,'1371613','Candida Krollmann','9813686523'),(455,'2877802','Kai Jewsbury','5729080402'),(456,'5368312','Theodosia Fyfield','9876976177'),(457,'2162413','Lou Bather','9225976265'),(458,'3531377','Arney Roaf','6183827536'),(459,'1058768','Jacqueline Ledner','3521045509'),(461,'4850651','Theo Kemmish','2167626290'),(462,'6463776','Ammamaria Potbury','6343858431'),(463,'5152922','Klemens Stallan','9457169439'),(465,'6273800','Tomlin Chidwick','3283038127'),(466,'6058102','Fredericka Standley','4573919404'),(467,'2037951','Witty Thomann','9259893312'),(468,'1278738','Julia Ballard','4787430811'),(471,'3790709','Germain Daouse','7633478983'),(472,'5598420','Judon Ibbott','6472281848'),(475,'4552921','Cariotta De Normanville','3303914404'),(477,'5541116','Ray Macconaghy','8927962462'),(480,'5285333','Drusi Parsley','7947832383'),(482,'6608017','Sile Ucceli','7711611713'),(483,'1210146','Ring Greetham','5327024980'),(488,'2422934','Standford Creedland','3359279942'),(489,'1871990','Farica Udell','9574368626'),(490,'3966827','Elsy Hollyard','4239946106'),(491,'6279460','Joela Ateggart','7982182570'),(494,'3709115','Davin Bitchener','3394745384'),(495,'3869699','Kendall Lindley','3888139937'),(497,'1709177','Ernestine Bardill','5994426516'),(500,'2634868','Jeanna Rankine','1105796922'),(502,'2577867','Lorianne Viggars','1518315022'),(503,'3163778','Jenica Lawdham','8047422683'),(504,'5881642','Sallee Thomann','9405620454'),(505,'5941607','Jeanna Enrique','8768356137'),(506,'1035444','Frank Kissick','8336160987'),(507,'4757076','Barbra McQuilliam','4197856051'),(508,'1808988','Dasie Larderot','1283356214'),(509,'6720299','Morgan McLugish','4046558158'),(510,'6561039','Annemarie Bril','9576123711'),(512,'4410712','Jere Keyson','9666736322'),(513,'5463406','Leigh Rivett','3311893760'),(514,'6491854','Lottie O\'Kuddyhy','3961785705'),(515,'4842385','Alice Garmanson','2114494699'),(516,'1686258','Ingrim Ardling','6895027361'),(518,'6816825','Lissie Metschke','5198066909'),(520,'4264520','Meredith Moro','4363276929'),(523,'3032551','Albina MacRorie','1498600463'),(524,'2738582','Cory Lynas','7245351940'),(525,'1273060','Theo Brideaux','6596249771'),(527,'2690554','Johannah Iverson','8576541096'),(528,'3551371','Lois Gunn','1244385571'),(529,'1313502','Wandie Lamburn','9417567034'),(531,'5619303','Bev Adney','9374199684'),(533,'4766039','Augy Kix','8286209110'),(534,'2890868','Si Drinkwater','9547721129'),(537,'3778224','Delcine McCullogh','7834350013'),(539,'3131097','Pauletta Sharpous','3963660319'),(542,'2194721','Tadio Rosenblum','2142087170'),(543,'4884787','Eduard Gibben','3431901872'),(544,'1330198','Reinwald Bowdery','3065779214'),(545,'4700875','Yalonda Liddy','6248360264'),(546,'6629774','Bruno Manicomb','2296580029'),(548,'5425894','Karalynn Danniel','5756153139'),(550,'1321683','Viola Ashington','7194863150'),(552,'5793648','Teresa De Ruggero','7188585337'),(553,'6282865','Cherice Curthoys','4854120680'),(555,'6665926','Normand O\'Sculley','2587495151'),(556,'1300190','Kailey de Marco','7238398288'),(557,'6288731','Eleonore Ortiga','1911661356'),(560,'6130900','Adolphus Cullingworth','9439202509'),(561,'5623023','Cull Aisbett','6044472922'),(563,'5930343','Babara Lanphier','9309253449'),(564,'2210102','Shawn De Rechter','2973543535'),(566,'6149796','Byron McCloch','6159722930'),(567,'4410963','Katrina Brumfitt','6806088320'),(568,'6636639','Vasili Yurukhin','6546633361'),(569,'1971952','Percy Heinreich','4376777946'),(570,'2738701','Smitty Hutchinson','7948184994'),(571,'6095048','Lib Hitschke','3744539484'),(573,'4530045','Corenda Leyban','9119464317'),(576,'1696988','Ludvig Tandey','7298983112'),(577,'1201173','Reuven Farryann','3518183062'),(578,'1175902','Sloane Adacot','4583545892'),(580,'5017574','Brodie Trenbey','6902078357'),(583,'3151717','Carroll Read','4045388130'),(584,'4771620','Donnamarie Callar','9638621161'),(585,'6384467','Englebert Fairleigh','2483584528'),(586,'3316752','Corrinne Breadmore','1588862556'),(588,'5428690','Elbertine Courvert','5109063878'),(590,'3524215','Frederica Mulhall','6146794449'),(593,'3508009','Delinda Noddles','3308754575'),(594,'2974979','Stanleigh Hebron','3672518063'),(595,'4935669','Kenn Philippet','4218106032'),(596,'5830039','Pip Crann','4763398857'),(598,'4594082','Zacharias Scrammage','5279675521'),(599,'5328970','Kimmie Treske','4633963197'),(600,'5743045','Zilvia Kitchen','1728126427'),(602,'3036920','Clerissa Grasner','2096511028'),(603,'4549333','Isa Ben','9112713785'),(604,'1238032','Silas Dowzell','3641315956'),(606,'1975386','Fabien Robelow','1316527779'),(607,'6030527','Maryjane Hargrave','6409000396'),(608,'4463902','Ravid Edgecombe','6936260517'),(612,'6382813','Harrietta Cordier','7329288148'),(615,'4305012','Franni Shearmur','1859762659'),(617,'6415755','Wilden Grigoli','9829715902'),(618,'6940256','Tabbi Admans','7137006742'),(619,'1712217','Munmro Catlin','5341192041'),(620,'5251029','Alvan Wandrach','9454225186'),(621,'3150706','Germana Newby','6619398369'),(623,'5585767','Mechelle Stallan','2271262573'),(624,'3730901','Salome Longhurst','5037526455'),(625,'5672990','Merrill Fielder','4318710627'),(630,'1916950','Ertha Kensall','5724178607'),(631,'2398974','Kaela Bromehed','2431990830'),(632,'6350830','Alyosha Busst','2262925820'),(633,'6923264','Belva Matschoss','6105946192'),(634,'2215157','Isabelle Danher','4021277912'),(635,'3653924','Concordia Alven','5611129256'),(636,'5227515','Harman Guidelli','9598386041'),(639,'2941856','Albie Darnbrook','2905609046'),(640,'2067713','Iona Labrow','3722451278'),(641,'5793552','Margarethe Elsmore','3194076419'),(642,'5254531','Demeter Aksell','6281967303'),(643,'1922934','Gwenora O\' Donohue','1154604648'),(644,'6758327','Bernie Enoch','3191241671'),(645,'4506371','Elwin Abram','6468989387'),(646,'4290786','Warner Drew','4128928600'),(647,'5530819','Con Muncey','2414303872'),(648,'6919752','Antonius Imeson','7031885362'),(650,'6073811','Elisha Collaton','9628873645'),(655,'1556338','Othilia Polkinghorne','8863391084'),(656,'3237804','Eadmund Inkles','3298741555'),(657,'3829155','Dore Byrd','3582064925'),(658,'1197420','Sayres Vedntyev','7484590091'),(659,'6254721','Reagen Dorgan','5869404645'),(660,'2395032','Nico Dockerty','3252548115'),(662,'3621276','Odille Clixby','9087962548'),(663,'2701915','Garek Waddup','3494295195'),(665,'6698217','Verena Bonallick','6192087809'),(666,'2310063','Izaak Verissimo','3638248909'),(667,'5787722','Mathilda Hosburn','4271621063'),(668,'1104502','Moreen Kelbie','6199106718'),(669,'4065570','Fayette Mayberry','5758237414'),(671,'2334848','Milly Blanking','8538150873'),(672,'6569941','Alli Warricker','5014302313'),(673,'3914734','Bathsheba Quiddington','8589029706'),(677,'5637196','Ddene De Lascy','5598500296'),(679,'5995498','Barton Moxley','7289757982'),(680,'5949802','Sileas O\'Corren','7041957095'),(681,'6808642','Lamond Crinion','7512226501'),(682,'3719921','Godwin Attenburrow','1856650567'),(684,'2961398','Roobbie Alesio','3015194486'),(687,'6096718','Lexi Frankham','7691490062'),(689,'2843553','Gretchen Cadreman','4762137907'),(690,'2820788','Herrick Suttell','8264126955'),(695,'3185207','Derek Friatt','5181299447'),(697,'5514687','Idalia Braban','3297246487'),(698,'1817715','Jami Kinane','1059770570'),(700,'5647786','Teddie Stockney','4961112283'),(701,'5085711','Adler Devon','6594101173'),(702,'6365793','Batholomew Froggatt','7439433737'),(703,'5802272','Muffin Rosindill','5623855541'),(705,'1694818','Marie Carwardine','6364793610'),(707,'5303735','Vincenty Shade','2374819681'),(708,'3862847','Elwin Jeskin','9235394131'),(709,'2601209','Millicent Looks','4141685098'),(710,'3661286','Valina Kibel','6441325636'),(711,'5436220','Reuben Mountstephen','2645226665'),(712,'1158659','Maddalena Dodell','1652887037'),(713,'4097389','Lorenzo Crake','6571002194'),(714,'3806405','Phylis Valek','3746288222'),(717,'4305199','Mikol Scarf','5611312149'),(718,'6914149','Tildi Gyurko','4649057242'),(719,'6625188','Shepard Oxer','3228572210'),(720,'6196875','Dyan Nevet','1751781533'),(722,'4438414','Alla Beedell','6858846205'),(724,'6108726','Tuesday Podbury','1252506018'),(725,'5726948','Heindrick Bufton','3965038249'),(727,'4784707','Johnette Da Costa','1873726277'),(728,'5246815','Fernanda Llewelly','1769551564'),(730,'2934007','Rurik Tumasian','1993949901'),(731,'6377242','Gradey Livesley','8054436955'),(732,'3639000','Raf Ruckhard','2298164230'),(733,'3846799','Stanley Shilburne','9254187259'),(734,'2060079','Ronalda Orris','5299422572'),(736,'5454463','Windy McLaren','4854983374'),(737,'3851938','Abbie de Guerre','5678985181'),(738,'4490250','Cara Anshell','8441960344'),(740,'1966275','Brita Henstridge','7768428160'),(742,'2248278','Braden Bleasdale','2192209486'),(744,'1545222','Milo Raynton','2221470180'),(745,'5565601','Jaquith Locksley','4665280339'),(746,'5426060','Aloise Ashcroft','7464951688'),(747,'1574722','Felicity Raycroft','3332186223'),(748,'6147890','Atalanta Cottill','9067481266'),(749,'4380831','Marlena Glewe','6049762926'),(750,'6183125','Candace Haugg','1228578222'),(752,'1170303','Chane Lothlorien','1656808994'),(753,'4815562','Zorah Wagnerin','4914785770'),(754,'6487288','Edward Shane','2802164159'),(755,'4400774','Padraig Stansall','3368144631'),(756,'2806457','Janeta Eslie','2363405602'),(757,'6719394','Hodge Hawkett','2194812164'),(758,'1485077','Corrianne Ort','1927227086'),(759,'1338598','Patton Prichard','5309242525'),(760,'4266847','Si Camis','2369166720'),(761,'4461218','Durant Petronis','6738629469'),(762,'3477758','Cloris Gawthorpe','8279297998'),(763,'2869749','Augustine Shekle','6401860038'),(766,'1677939','Pamella Cabera','6285972757'),(767,'3181949','Ange Pinnere','5157958469'),(768,'3083485','Edgar D\'Aguanno','7294443032'),(772,'2851466','Julio Tethacot','1389269618'),(773,'4587377','Nerti Vizor','8621261512'),(775,'2715473','Madlin Ferby','9626573092'),(780,'3901130','Beniamino Wankel','6542566759'),(781,'6791378','Ody Hardesty','3569162889'),(782,'6634843','Abel Wolfart','4579930694'),(784,'3521671','Marylee Camois','4992789698'),(785,'2144573','Florina Linnock','7845808870'),(788,'3716704','Ingram Mazzia','3403736336'),(789,'1226813','Garvin MacTrustam','1645002589'),(790,'3054441','Shaylyn Chritchlow','5182816243'),(791,'1532474','Kennie Earlam','6636582847'),(792,'5922357','Mohandis Darville','6294560099'),(793,'3923138','Noe Nisbith','3748343429'),(795,'6647317','Thacher Witham','6131697429'),(796,'1386679','Phylis Gibke','8308563935'),(798,'5686495','Filberto Deeney','3119519379'),(799,'6203563','Lizzie Fosbraey','6811275209'),(800,'1831933','Georgy Dorling','6328861753'),(801,'5550312','Vaughan Goldsmith','8821405835'),(805,'5678184','Hasheem Mathers','4238251273'),(807,'3214049','Catlee Ivannikov','6557666335'),(808,'6252623','Aksel Wellsman','3037100858'),(809,'3511512','Ian Sibyllina','6644204609'),(810,'4946033','Daryle Smorthwaite','8283284232'),(811,'2000566','Ann Barrar','6197330716'),(812,'3868660','Vinnie Dunn','8584330786'),(813,'2248031','Brunhilda Yerlett','9556412460'),(814,'5259208','Elfrieda Benham','7427531807'),(815,'6145176','Bern Iacoviello','8886315741'),(816,'3274309','Brocky Priditt','5219982105'),(818,'5486020','Selby Darrel','3918565887'),(819,'1961242','Jeremiah Gowanlock','1575693414'),(820,'2510207','Crissie Stockin','9096903607'),(822,'1925853','Camel Poyzer','4804883535'),(825,'5984046','Lexie Saffran','5697891345'),(826,'1254622','Nesta Beden','6804544049'),(828,'5750157','Sandi Gadie','5823686781'),(830,'2123704','Kitty Thickens','2375145670'),(831,'4508458','Melesa Barthot','9148486024'),(832,'6062382','Granthem Surgenor','8559109296'),(833,'4846909','Bone Illsley','7446528421'),(837,'2707854','Mathew Janik','4223912142'),(840,'2331857','Hube Huntriss','4941969193'),(841,'3937100','Andee Ezzell','7203652352'),(842,'2070193','Virgil Bartol','5034607920'),(843,'5898158','Eberto Lytell','4326720557'),(845,'4369596','Abagael Wadmore','8439051453'),(846,'1266826','Adda Jackways','6542376787'),(850,'6941624','Scot Woolager','4622787297'),(851,'1763342','Fanechka Janman','4145607828'),(852,'1379240','Olia Hurley','2376501246'),(854,'6681405','Willette Spoole','2444092433'),(855,'1903201','Marv Le Marquis','8809366729'),(857,'5936283','Astrix Celloni','9849414346'),(860,'1217804','Levy Trayte','2819670502'),(861,'6828041','Orv Knifton','9863633546'),(862,'1105700','Erma De Ambrosi','2252771547'),(864,'6797643','Simone Dodman','1954141523'),(866,'6088532','Heddie Gandy','4675809117'),(867,'6340829','Towney D\'Antonio','6356630920'),(869,'5603983','Marja Wotton','2732210825'),(870,'2946385','Loleta Drei','9127947408'),(871,'3729785','Jaymee Jacquemot','9888443335'),(872,'6928202','Harv Murphey','2675383464'),(873,'2206653','Temp Phillip','2624048663'),(875,'1863994','Riccardo Scheu','1776231293'),(876,'2347406','Fifine Dell\'Abbate','3344992268'),(882,'5309604','Mirella Soden','9742750062'),(884,'2144181','Trudi Valentetti','7449561673'),(885,'1513746','Bron Pentycost','9893700170'),(887,'4091339','Garnet Lamartine','6694998526'),(891,'2669767','Friedrich Lyford','8421047593'),(892,'4751821','Darcee De Souza','5804620565'),(893,'6252159','Doro Clothier','8105199244'),(894,'1043470','Kellen Simeonov','7179636524'),(895,'3363394','Bronson Trowle','8918394018'),(896,'5458851','Abigael Cheal','3202721179'),(897,'2676747','Normy Marryatt','7657782734'),(898,'1468474','Doy Byers','3026223776'),(900,'4284631','Brittani Paulo','3561041938'),(901,'1741336','Celie Stacey','9585177026'),(902,'3652821','Roby Harness','2047886351'),(903,'2896533','Benni O\'Loughnan','1854003187'),(905,'1361151','Penrod Cracie','8773149111'),(906,'5696278','Myrtia Lorente','7021114187'),(907,'2488553','Georgia Heasley','1784727290'),(908,'6895786','Marillin Delea','2841049374'),(909,'4001622','North Minor','5671094656'),(910,'4969261','Orel Grassi','4806610958'),(911,'4345280','Madalyn Privett','9175080568'),(912,'2282642','Xever Marshalleck','3372794433'),(914,'1190007','Katherine Moy','4596433368'),(916,'1583143','Marietta Najara','6504453716'),(917,'5433262','Howey Alexandersen','8722407896'),(918,'2832035','Trumann Saggs','5579210823'),(922,'6030407','Reade Chetwin','3043637644'),(923,'2987809','Ricky Clines','4548867313'),(925,'3441151','Channa Skep','1657438838'),(926,'2187294','Virgie Swigger','1711996402'),(927,'4936823','Hal Armal','6339755492'),(928,'3626731','Blythe Postgate','9981768951'),(930,'5651948','Elsey Jerromes','7375004595'),(931,'4796125','Eli Cota','6118390644'),(932,'2341051','Merilyn Ponting','6981929994'),(933,'3903079','Isabelita Dmitrievski','7319010917'),(936,'1327157','Adelind Vasenkov','4322657543'),(937,'2138775','Earlie Guidoni','2559372136'),(939,'2180400','Cornelle Lomond','5666532671'),(940,'4156811','Renault Crossby','3738845561'),(945,'3234287','Valery Naisbit','4133261454'),(946,'3763135','Kristen Andreasen','2689224582'),(950,'6211219','Otes Pittford','8896219490'),(951,'4712525','Mathe Halward','7432370357'),(953,'5074152','Patty Exelby','6528308146'),(954,'6506861','Doralynne Gillyatt','8497551838'),(955,'1811978','Seward Vido','8689754749'),(956,'4694313','Mathilda Moughton','8567904335'),(959,'5316074','Maegan Codeman','8089918085'),(960,'4365068','Dru Nowland','7867702829'),(962,'6873000','Nesta O\'Mara','4069853813'),(963,'6638196','Dame Bennell','5668797414'),(965,'1286856','Mead Jakobsson','8217536504'),(967,'2690274','Edgar Norwich','2493789425'),(969,'4424809','Rosanna Haining','8521551360'),(970,'3805927','Jamie Adanez','4798092506'),(975,'5675876','Michele Fitch','6902065497'),(980,'6815001','Gwenneth Masterson','9388144929'),(982,'2026821','Shel Ingle','3077950137'),(983,'2695376','Dickie Betser','7963692760'),(984,'1870129','Levon Vasyutichev','8252108164'),(985,'6541295','Shana Ellingsworth','9794823213'),(988,'3170286','Sullivan Ortega','2495680588'),(989,'1288333','Cynthy Koche','5634438073'),(991,'3066391','Emily McDermid','1585998285'),(993,'4314570','Pail Thalmann','8385203987'),(994,'2519918','Niall Mc-Kerley','6166899899'),(996,'1899475','Francine Eake','3506370464'),(999,'3609295','Egon Inglis','8077291123');

/*Table structure for table `personal_cliente` */

DROP TABLE IF EXISTS `personal_cliente`;

CREATE TABLE `personal_cliente` (
  `id` int(10) NOT NULL AUTO_INCREMENT,
  `id_personal` int(10) NOT NULL,
  `id_cliente` int(10) NOT NULL,
  PRIMARY KEY (`id`),
  KEY `id_personal` (`id_personal`),
  KEY `id_cliente` (`id_cliente`),
  CONSTRAINT `personal_cliente_ibfk_1` FOREIGN KEY (`id_personal`) REFERENCES `personal` (`id`),
  CONSTRAINT `personal_cliente_ibfk_2` FOREIGN KEY (`id_cliente`) REFERENCES `contactos` (`id`)
) ENGINE=InnoDB AUTO_INCREMENT=758 DEFAULT CHARSET=utf8;

/*Data for the table `personal_cliente` */

insert  into `personal_cliente`(`id`,`id_personal`,`id_cliente`) values (1,55,2886),(2,287,717),(3,392,19),(4,252,1015),(5,115,945),(6,349,1755),(7,212,339),(8,355,2134),(9,80,1920),(10,296,1920),(11,27,878),(12,443,759),(13,457,2085),(14,349,185),(15,214,267),(16,99,2031),(17,211,3000),(18,280,816),(19,58,1378),(20,89,388),(21,455,409),(22,272,101),(23,211,718),(24,322,2988),(25,407,1877),(26,489,774),(27,411,1226),(28,154,2681),(29,146,2037),(30,331,541),(31,368,2357),(32,491,2932),(33,396,2199),(34,416,1440),(35,249,1655),(36,5,166),(37,104,1532),(38,427,320),(39,472,520),(40,143,1422),(41,80,233),(42,436,1270),(43,204,2841),(44,141,828),(45,205,820),(46,191,2530),(47,204,51),(48,352,1378),(49,347,632),(50,490,11),(51,155,520),(52,75,967),(53,368,69),(54,83,967),(55,183,678),(56,441,2),(57,434,467),(58,387,1365),(59,340,1968),(60,260,164),(61,303,191),(62,445,2000),(63,375,282),(64,373,2846),(65,215,110),(66,140,211),(67,491,718),(68,100,2248),(69,462,564),(70,50,1877),(71,304,203),(72,239,2846),(73,293,717),(74,135,891),(75,166,2300),(76,80,301),(77,269,110),(78,167,823),(79,272,51),(80,236,655),(81,105,1017),(82,160,717),(83,367,2835),(84,367,1253),(85,387,19),(86,140,2619),(87,184,2177),(88,100,702),(89,238,267),(90,194,618),(91,201,2631),(92,304,1077),(93,383,874),(94,255,717),(95,232,417),(96,53,187),(97,434,371),(98,238,367),(99,348,2415),(100,309,1365),(101,456,117),(102,146,991),(103,357,156),(104,214,666),(105,191,1654),(106,216,1378),(107,183,2013),(108,136,2),(109,323,2400),(110,4,704),(111,166,1196),(112,399,730),(113,136,553),(114,166,734),(115,40,2),(116,396,267),(117,167,1802),(118,305,180),(119,391,70),(120,155,702),(121,8,234),(122,312,2765),(123,382,513),(124,342,2790),(125,97,2835),(126,183,1293),(127,189,2601),(128,468,112),(129,38,1502),(130,232,2338),(131,187,910),(132,399,2033),(133,132,54),(134,437,632),(135,258,1430),(136,383,267),(137,396,1089),(138,459,2856),(139,58,616),(140,167,305),(141,272,2631),(142,414,2269),(143,258,1589),(144,156,1771),(145,247,210),(146,33,585),(147,489,39),(148,205,164),(149,178,242),(150,149,1502),(151,322,1690),(152,28,1961),(153,468,1270),(154,168,2278),(155,419,2054),(156,99,1821),(157,438,1217),(158,387,2300),(159,345,1951),(160,299,1205),(161,215,903),(162,210,982),(163,436,1742),(164,247,2946),(165,72,2031),(166,59,1119),(167,376,994),(168,129,234),(169,50,2023),(170,38,624),(171,456,512),(172,31,234),(173,201,1627),(174,345,1026),(175,416,1449),(176,471,603),(177,288,187),(178,49,1131),(179,439,2169),(180,129,2223),(181,140,111),(182,142,2651),(183,331,1821),(184,372,1636),(185,122,1174),(186,68,326),(187,289,886),(188,18,2587),(189,483,2106),(190,489,2011),(191,438,2790),(192,120,2106),(193,160,602),(194,253,499),(195,166,1771),(196,176,554),(197,60,54),(198,179,19),(199,135,1502),(200,72,2495),(201,443,2278),(202,444,145),(203,100,2876),(204,168,1477),(205,260,2988),(206,165,2553),(207,420,2338),(208,191,74),(209,204,638),(210,249,2085),(211,482,1362),(212,47,2636),(213,275,586),(214,156,2841),(215,275,2120),(216,114,743),(217,20,1017),(218,215,697),(219,219,333),(220,63,554),(221,214,996),(222,461,2761),(223,467,2007),(224,171,2609),(225,445,1430),(226,224,613),(227,76,1437),(228,425,1955),(229,54,220),(230,382,1226),(231,201,2681),(232,97,1468),(233,402,966),(234,202,2004),(235,57,305),(236,204,70),(237,140,2097),(238,63,1122),(239,248,828),(240,246,79),(241,402,2033),(242,99,1503),(243,482,164),(244,344,2359),(245,85,1115),(246,471,282),(247,402,54),(248,279,851),(249,184,2946),(250,477,516),(251,438,2790),(252,497,1654),(253,383,2259),(254,201,1375),(255,273,233),(256,443,1662),(257,491,2083),(258,97,145),(259,218,2766),(260,252,717),(261,211,1272),(262,75,11),(263,335,94),(264,191,2758),(265,399,1336),(266,88,191),(267,304,1194),(268,456,2415),(269,133,512),(270,348,1205),(271,179,425),(272,202,2856),(273,461,746),(274,422,114),(275,308,2412),(276,368,441),(277,299,553),(278,490,1174),(279,263,882),(280,58,630),(281,229,1961),(282,54,2259),(283,153,2636),(284,318,337),(285,86,1798),(286,75,2492),(287,414,1365),(288,50,643),(289,83,1742),(290,212,112),(291,236,452),(292,136,365),(293,163,90),(294,471,2409),(295,246,2881),(296,300,39),(297,348,1336),(298,5,333),(299,347,695),(300,162,337),(301,171,1485),(302,201,130),(303,482,112),(304,45,1802),(305,430,205),(306,99,619),(307,244,74),(308,19,2137),(309,320,309),(310,223,663),(311,182,891),(312,299,344),(313,409,703),(314,9,1171),(315,162,84),(316,497,480),(317,236,1653),(318,443,2011),(319,245,2616),(320,495,2259),(321,135,90),(322,429,2651),(323,99,122),(324,277,1174),(325,425,2124),(326,114,2345),(327,438,2612),(328,115,2033),(329,96,489),(330,219,486),(331,182,847),(332,187,991),(333,171,2544),(334,395,618),(335,357,180),(336,34,1524),(337,168,1319),(338,449,527),(339,357,124),(340,465,994),(341,416,1174),(342,210,744),(343,340,2417),(344,4,1258),(345,420,2631),(346,80,1624),(347,112,97),(348,116,1092),(349,259,2005),(350,223,2218),(351,304,726),(352,267,54),(353,67,1676),(354,286,1947),(355,257,1095),(356,47,110),(357,333,172),(358,326,2553),(359,468,874),(360,375,1513),(361,414,1062),(362,51,228),(363,5,2631),(364,45,603),(365,335,2419),(366,107,1485),(367,292,1438),(368,301,2008),(369,384,1629),(370,299,1438),(371,146,1378),(372,143,1845),(373,272,441),(374,494,439),(375,330,2759),(376,89,1131),(377,100,312),(378,44,312),(379,340,304),(380,215,712),(381,75,326),(382,105,1654),(383,183,527),(384,213,1092),(385,402,1875),(386,323,2687),(387,417,283),(388,417,46),(389,229,1077),(390,122,2104),(391,404,1438),(392,322,2269),(393,289,450),(394,273,2129),(395,192,1017),(396,38,1095),(397,28,1293),(398,437,702),(399,24,411),(400,150,1365),(401,331,1119),(402,60,441),(403,16,1821),(404,83,2169),(405,72,774),(406,426,419),(407,322,101),(408,320,1235),(409,23,2205),(410,349,1771),(411,212,1811),(412,272,572),(413,150,2419),(414,184,2780),(415,104,395),(416,447,283),(417,67,891),(418,430,2651),(419,75,251),(420,388,467),(421,167,1968),(422,482,323),(423,445,544),(424,51,903),(425,141,1074),(426,20,1681),(427,239,663),(428,232,1253),(429,413,847),(430,60,242),(431,142,927),(432,96,733),(433,392,1472),(434,457,2883),(435,204,74),(436,436,2104),(437,355,516),(438,141,2092),(439,288,864),(440,204,1968),(441,302,1858),(442,383,516),(443,45,828),(444,106,2970),(445,240,851),(446,99,2289),(447,434,101),(448,179,743),(449,176,304),(450,497,864),(451,172,1811),(452,107,2864),(453,404,638),(454,226,414),(455,80,1049),(456,303,734),(457,480,39),(458,68,1783),(459,355,283),(460,279,1089),(461,426,2),(462,244,166),(463,50,2035),(464,157,467),(465,288,1336),(466,8,717),(467,425,2035),(468,322,314),(469,367,2359),(470,276,656),(471,252,1226),(472,249,101),(473,279,743),(474,390,2245),(475,404,353),(476,78,564),(477,267,1821),(478,392,2587),(479,123,2286),(480,275,507),(481,171,2129),(482,399,860),(483,218,2687),(484,168,2137),(485,308,1255),(486,218,1955),(487,109,2134),(488,166,2211),(489,373,1627),(490,59,1017),(491,24,544),(492,149,1563),(493,215,19),(494,308,2848),(495,15,2495),(496,136,2406),(497,28,1208),(498,244,24),(499,187,1690),(500,318,1894),(501,427,1215),(502,384,216),(503,443,228),(504,38,210),(505,197,2528),(506,318,2631),(507,323,1755),(508,20,2169),(509,232,1365),(510,369,1277),(511,279,117),(512,40,1662),(513,488,632),(514,383,1859),(515,45,1210),(516,443,953),(517,456,820),(518,166,404),(519,16,886),(520,386,1438),(521,115,122),(522,191,1653),(523,31,245),(524,168,2856),(525,387,220),(526,289,1627),(527,238,51),(528,382,24),(529,357,1583),(530,19,2161),(531,167,2004),(532,490,2415),(533,115,1636),(534,187,718),(535,296,2946),(536,350,1858),(537,210,1721),(538,477,990),(539,257,110),(540,104,773),(541,240,93),(542,94,101),(543,63,112),(544,165,233),(545,302,2331),(546,300,2775),(547,372,936),(548,463,1174),(549,116,860),(550,115,958),(551,278,507),(552,435,2342),(553,238,2631),(554,449,2074),(555,156,1017),(556,367,886),(557,89,1690),(558,404,2687),(559,495,743),(560,153,2161),(561,115,1894),(562,113,39),(563,306,1949),(564,391,773),(565,367,874),(566,60,2087),(567,260,121),(568,101,2161),(569,89,177),(570,171,2303),(571,19,1217),(572,74,847),(573,67,990),(574,500,717),(575,74,2460),(576,292,2429),(577,100,624),(578,33,1742),(579,364,874),(580,430,324),(581,224,2932),(582,386,2676),(583,425,1783),(584,120,1987),(585,276,2631),(586,386,2359),(587,172,2013),(588,429,388),(589,387,71),(590,177,746),(591,468,1205),(592,162,2137),(593,488,111),(594,309,2530),(595,101,1859),(596,388,1845),(597,210,409),(598,500,2007),(599,426,982),(600,67,1681),(601,402,2417),(602,162,527),(603,109,624),(604,191,616),(605,51,860),(606,309,656),(607,296,2801),(608,92,1017),(609,86,1629),(610,455,19),(611,27,112),(612,177,2015),(613,88,1636),(614,480,582),(615,221,2583),(616,238,816),(617,432,138),(618,411,705),(619,167,726),(620,243,2331),(621,369,1017),(622,88,554),(623,166,1365),(624,320,839),(625,259,2876),(626,432,697),(627,483,2338),(628,345,1875),(629,309,2121),(630,491,1627),(631,100,2758),(632,219,2866),(633,433,2097),(634,200,1788),(635,427,267),(636,301,1098),(637,152,1375),(638,154,613),(639,156,282),(640,19,2647),(641,126,2876),(642,200,1258),(643,194,2039),(644,430,1920),(645,212,2819),(646,301,816),(647,267,953),(648,466,242),(649,472,635),(650,27,112),(651,72,427),(652,29,1755),(653,416,619),(654,275,110),(655,35,1627),(656,150,442),(657,53,245),(658,480,744),(659,355,324),(660,53,2460),(661,372,624),(662,192,324),(663,416,961),(664,29,321),(665,391,2681),(666,196,312),(667,191,1903),(668,467,2664),(669,391,1532),(670,126,882),(671,279,1877),(672,215,344),(673,63,1425),(674,54,368),(675,192,117),(676,202,80),(677,218,2633),(678,462,1725),(679,240,187),(680,44,1378),(681,342,485),(682,402,321),(683,276,215),(684,183,2245),(685,269,479),(686,63,650),(687,396,1751),(688,96,2759),(689,184,1583),(690,276,555),(691,126,228),(692,92,1071),(693,140,2687),(694,15,1563),(695,51,1725),(696,419,1007),(697,233,993),(698,383,321),(699,196,1788),(700,127,2415),(701,441,176),(702,199,744),(703,92,2587),(704,199,117),(705,211,176),(706,51,489),(707,327,2970),(708,197,339),(709,236,2415),(710,372,586),(711,277,185),(712,258,994),(713,53,2338),(714,417,927),(715,313,2409),(716,471,251),(717,163,275),(718,480,1217),(719,417,304),(720,322,312),(721,114,1755),(722,183,1196),(723,449,2211),(724,111,203),(725,168,367),(726,225,348),(727,430,929),(728,31,1440),(729,136,1194),(730,236,663),(731,75,656),(732,434,485),(733,447,70),(734,483,2119),(735,260,2881),(736,439,2607),(737,200,485),(738,206,2553),(739,488,2115),(740,288,1874),(741,373,2790),(742,392,2633),(743,472,860),(744,143,1894),(745,259,903),(746,293,494),(747,434,773),(748,358,156),(749,197,2544),(750,1,321),(751,297,2651),(752,238,93),(753,23,2),(754,268,494),(755,368,489),(756,416,2846),(757,447,1949);

/*Table structure for table `personal_zona` */

DROP TABLE IF EXISTS `personal_zona`;

CREATE TABLE `personal_zona` (
  `id` int(10) NOT NULL AUTO_INCREMENT,
  `id_personal` int(10) NOT NULL,
  `id_departamento` int(10) NOT NULL,
  `id_sucursal` int(10) NOT NULL,
  `id_area` int(10) DEFAULT NULL,
  PRIMARY KEY (`id`),
  KEY `id_personal` (`id_personal`),
  KEY `id_departamento` (`id_departamento`),
  KEY `id_sucursal` (`id_sucursal`),
  KEY `id_area` (`id_area`),
  CONSTRAINT `personal_zona_ibfk_1` FOREIGN KEY (`id_personal`) REFERENCES `personal` (`id`),
  CONSTRAINT `personal_zona_ibfk_2` FOREIGN KEY (`id_departamento`) REFERENCES `departamentos` (`id`),
  CONSTRAINT `personal_zona_ibfk_3` FOREIGN KEY (`id_sucursal`) REFERENCES `sucursal` (`id`),
  CONSTRAINT `personal_zona_ibfk_4` FOREIGN KEY (`id_area`) REFERENCES `area` (`id`)
) ENGINE=InnoDB AUTO_INCREMENT=1501 DEFAULT CHARSET=utf8;

/*Data for the table `personal_zona` */

insert  into `personal_zona`(`id`,`id_personal`,`id_departamento`,`id_sucursal`,`id_area`) values (2,55,26,290,7),(3,53,19,154,7),(4,287,29,998,7),(6,392,1,121,7),(7,252,4,422,7),(8,115,18,645,7),(11,24,16,23,7),(12,349,4,40,7),(14,212,24,871,7),(15,355,4,978,7),(17,40,22,443,7),(18,80,21,370,7),(22,5,1,197,7),(23,296,21,681,7),(24,66,4,620,7),(31,27,22,765,7),(32,399,1,928,7),(34,443,5,728,7),(35,97,4,685,7),(36,457,29,316,7),(37,349,9,203,7),(39,214,24,183,7),(40,99,5,133,7),(44,211,9,76,7),(45,280,23,333,7),(46,58,9,369,7),(47,89,2,278,7),(48,455,2,29,7),(50,88,5,711,7),(51,272,11,540,7),(52,232,21,675,7),(53,268,5,664,7),(54,211,21,165,7),(55,322,7,142,7),(57,407,4,46,7),(59,51,11,586,7),(62,237,10,360,7),(63,489,23,576,7),(64,411,5,44,7),(65,154,31,280,7),(66,146,1,786,7),(69,494,14,421,7),(70,5,2,478,7),(71,331,17,413,7),(72,368,21,311,7),(73,491,8,784,7),(74,396,13,565,7),(75,20,18,530,7),(76,416,16,537,7),(79,249,21,13,7),(80,5,21,548,7),(81,104,5,782,7),(83,427,18,446,7),(84,472,18,799,7),(86,143,8,103,7),(93,80,21,933,7),(94,367,16,348,7),(97,436,8,364,7),(98,204,26,271,7),(99,141,18,342,7),(100,205,23,893,7),(101,191,19,11,7),(103,436,11,643,7),(104,204,5,821,7),(105,352,9,369,7),(108,347,18,532,7),(109,490,22,983,7),(111,155,18,799,7),(112,75,1,256,7),(114,171,23,555,7),(115,171,23,78,7),(116,270,6,82,7),(117,368,11,329,7),(123,312,1,538,7),(124,83,1,256,7),(125,417,22,410,7),(127,183,19,382,7),(129,441,18,977,7),(130,434,4,385,7),(132,387,5,383,7),(133,444,6,160,7),(135,340,5,95,7),(139,260,15,30,7),(141,303,4,341,7),(142,445,8,996,7),(144,375,20,182,7),(145,373,32,866,7),(146,289,1,324,7),(147,182,21,738,7),(149,399,5,243,7),(150,215,14,436,7),(154,140,14,355,7),(156,491,21,165,7),(159,326,11,845,7),(160,100,11,521,7),(161,462,32,328,7),(164,50,4,46,7),(165,304,15,817,7),(166,239,32,866,7),(170,293,11,37,7),(173,135,5,575,7),(174,491,27,915,7),(175,166,13,574,7),(177,296,27,915,7),(178,88,5,243,7),(179,368,1,242,7),(181,80,7,96,7),(182,179,21,980,7),(183,269,14,436,7),(184,167,20,85,7),(186,194,21,435,7),(189,272,5,821,7),(192,236,9,366,7),(195,171,1,758,7),(197,105,1,835,7),(198,160,11,37,7),(199,367,21,653,7),(203,395,22,229,7),(205,494,22,172,7),(207,367,24,556,7),(208,387,5,80,7),(211,140,17,181,7),(213,184,9,452,7),(215,100,8,248,7),(216,238,24,183,7),(217,215,5,59,7),(219,194,24,938,7),(220,201,3,524,7),(221,304,11,946,7),(223,383,13,281,7),(225,255,11,37,7),(226,232,30,506,7),(227,53,22,953,7),(228,293,9,241,7),(229,434,4,144,7),(230,238,33,72,7),(234,219,14,307,7),(238,348,4,881,7),(239,224,11,839,7),(240,152,5,325,7),(242,309,5,571,7),(243,196,23,708,7),(244,456,21,798,7),(245,146,16,600,7),(246,357,1,785,7),(247,214,11,691,7),(249,199,21,441,7),(250,191,1,837,7),(252,488,23,110,7),(254,348,10,877,7),(256,216,9,369,7),(258,183,5,249,7),(259,404,9,630,7),(260,136,18,977,7),(261,323,4,829,7),(262,244,16,503,7),(263,420,3,284,7),(264,4,8,641,7),(265,24,5,859,7),(268,166,11,613,7),(269,399,19,162,7),(270,136,5,560,7),(271,166,21,362,7),(273,372,23,715,7),(276,40,18,977,7),(278,238,1,757,7),(279,396,24,183,7),(280,167,13,701,7),(283,78,15,498,7),(285,305,1,754,7),(286,99,10,739,7),(287,94,23,340,7),(290,391,1,472,7),(291,155,21,445,7),(292,8,12,492,7),(293,312,16,943,7),(294,382,17,993,7),(295,342,20,649,7),(298,97,21,653,7),(299,112,17,198,7),(302,391,23,78,7),(303,183,24,886,7),(304,189,23,419,7),(305,468,12,161,7),(306,257,16,23,7),(308,38,18,873,7),(310,187,12,976,7),(311,303,11,839,7),(312,232,6,94,7),(315,272,15,909,7),(316,187,8,470,7),(321,157,27,155,7),(322,399,15,108,7),(323,132,12,960,7),(328,427,8,868,7),(329,437,18,532,7),(335,202,11,519,7),(338,35,1,700,7),(341,219,13,543,7),(342,258,5,811,7),(344,383,6,319,7),(346,396,23,562,7),(347,459,13,533,7),(348,58,5,2,7),(350,257,21,438,7),(351,167,22,442,7),(352,272,3,524,7),(353,414,15,657,7),(356,258,22,308,7),(358,156,9,378,7),(359,247,17,932,7),(360,238,21,580,7),(361,33,5,261,7),(362,489,17,389,7),(363,205,15,30,7),(364,480,1,464,7),(365,165,11,70,7),(366,178,12,399,7),(368,149,18,873,7),(370,407,27,155,7),(371,299,5,386,7),(372,322,10,187,7),(373,28,19,726,7),(374,357,11,12,7),(377,468,8,364,7),(378,168,18,485,7),(379,419,7,218,7),(380,176,15,498,7),(381,322,13,732,7),(384,160,18,352,7),(387,99,6,263,7),(388,438,21,804,7),(389,387,13,574,7),(390,345,21,299,7),(391,299,18,363,7),(392,215,17,606,7),(395,210,1,568,7),(398,436,8,916,7),(399,302,1,542,7),(401,247,5,918,7),(402,292,6,179,7),(405,72,1,403,7),(407,59,30,774,7),(409,376,24,793,7),(411,445,17,577,7),(412,129,12,492,7),(413,83,11,139,7),(414,50,1,899,7),(415,182,2,493,7),(416,38,8,469,7),(417,456,22,361,7),(418,31,12,492,7),(419,201,11,351,7),(420,58,17,113,7),(421,345,5,236,7),(422,416,5,582,7),(423,471,27,245,7),(424,288,22,953,7),(427,49,5,440,7),(428,439,10,407,7),(431,237,1,928,7),(435,166,1,464,7),(436,222,5,231,7),(437,411,1,905,7),(438,129,5,544,7),(440,140,18,969,7),(442,142,1,954,7),(443,349,29,65,7),(448,322,27,61,7),(449,331,6,263,7),(451,372,4,388,7),(452,60,28,846,7),(454,122,21,617,7),(456,287,23,942,7),(457,68,21,254,7),(458,289,13,431,7),(460,18,11,20,7),(465,483,12,910,7),(466,489,16,870,7),(467,60,24,988,7),(469,438,20,649,7),(471,120,12,910,7),(472,134,1,854,7),(473,160,18,958,7),(476,253,1,4,7),(478,166,9,378,7),(479,33,22,848,7),(481,176,18,279,7),(485,462,1,314,7),(486,60,12,960,7),(488,179,1,121,7),(489,135,18,873,7),(490,72,23,196,7),(492,443,6,795,7),(495,444,16,572,7),(496,100,13,401,7),(498,168,10,127,7),(502,260,7,142,7),(503,165,11,749,7),(504,420,6,94,7),(505,38,17,792,7),(506,299,6,477,7),(508,278,16,615,7),(509,140,4,267,7),(510,191,15,447,7),(511,204,17,120,7),(512,249,29,316,7),(513,482,5,247,7),(515,47,1,979,7),(516,275,5,232,7),(517,156,26,271,7),(518,275,10,604,7),(519,114,21,286,7),(520,20,1,835,7),(522,215,4,654,7),(523,219,5,226,7),(524,63,18,279,7),(525,390,22,661,7),(527,16,5,723,7),(528,214,14,250,7),(529,201,9,241,7),(530,156,11,702,7),(531,461,5,529,7),(532,467,11,999,7),(533,171,10,475,7),(535,445,5,811,7),(536,224,33,994,7),(537,76,4,205,7),(538,296,11,621,7),(540,425,11,428,7),(541,54,19,819,7),(544,382,5,44,7),(545,396,2,832,7),(546,201,31,280,7),(547,270,11,650,7),(548,116,11,12,7),(549,97,11,433,7),(550,218,22,970,7),(551,402,11,460,7),(552,202,21,987,7),(553,445,28,846,7),(554,57,22,442,7),(555,387,22,172,7),(556,255,10,268,7),(557,204,1,472,7),(558,467,21,336,7),(559,140,19,614,7),(560,184,1,164,7),(561,187,5,391,7),(562,63,21,889,7),(563,248,18,342,7),(565,246,21,667,7),(566,402,15,108,7),(567,295,2,935,7),(569,99,10,303,7),(570,482,15,30,7),(571,344,32,92,7),(572,85,6,656,7),(573,210,1,677,7),(575,471,21,122,7),(576,402,12,960,7),(577,279,15,368,7),(578,184,5,918,7),(579,99,11,54,7),(580,477,10,266,7),(581,404,15,679,7),(582,390,11,621,7),(583,438,20,649,7),(584,212,1,197,7),(587,31,16,348,7),(588,497,1,837,7),(589,383,1,558,7),(590,201,5,136,7),(591,273,16,90,7),(592,443,10,451,7),(593,491,5,824,7),(594,97,16,572,7),(595,218,21,41,7),(597,252,29,998,7),(598,196,5,724,7),(599,211,1,177,7),(600,340,4,598,7),(601,178,17,545,7),(602,471,23,555,7),(603,75,22,983,7),(604,253,12,147,7),(605,335,17,296,7),(606,191,1,411,7),(607,399,7,827,7),(608,255,11,139,7),(609,88,4,341,7),(611,427,2,478,7),(612,304,1,69,7),(613,456,17,474,7),(615,133,22,361,7),(616,348,18,363,7),(617,179,1,956,7),(618,149,11,586,7),(620,105,13,302,7),(621,237,4,520,7),(622,140,11,566,7),(623,467,13,317,7),(624,445,1,197,7),(625,202,13,533,7),(626,191,9,630,7),(627,461,21,693,7),(628,422,13,115,7),(629,308,21,62,7),(630,368,4,211,7),(631,299,5,560,7),(632,490,21,617,7),(633,387,1,542,7),(634,263,1,963,7),(635,58,1,387,7),(636,122,17,672,7),(637,229,19,726,7),(638,82,22,153,7),(639,54,1,558,7),(640,333,1,854,7),(641,153,1,979,7),(642,162,8,625,7),(643,57,21,980,7),(644,318,11,611,7),(645,267,27,915,7),(646,150,18,466,7),(647,86,4,527,7),(648,75,24,38,7),(649,414,5,383,7),(650,445,30,32,7),(651,50,27,377,7),(652,83,8,916,7),(653,212,21,997,7),(654,78,23,340,7),(655,12,24,176,7),(656,382,1,14,7),(657,136,21,206,7),(658,236,11,194,7),(659,136,17,193,7),(660,447,13,902,7),(661,163,14,376,7),(662,471,21,124,7),(663,441,24,138,7),(664,246,21,510,7),(665,300,24,880,7),(666,425,5,225,7),(667,142,5,904,7),(668,348,7,827,7),(669,5,5,226,7),(670,347,17,919,7),(671,489,16,503,7),(672,168,6,179,7),(674,162,11,611,7),(675,172,10,739,7),(676,433,14,219,7),(677,171,24,973,7),(678,89,21,864,7),(679,133,24,688,7),(680,201,15,462,7),(681,482,21,997,7),(683,213,13,15,7),(684,45,13,701,7),(685,430,24,855,7),(687,99,12,682,7),(688,240,16,592,7),(689,491,5,747,7),(690,244,15,447,7),(691,19,21,75,7),(693,467,11,264,7),(694,320,17,28,7),(695,223,20,605,7),(696,182,6,7,7),(697,299,5,188,7),(698,245,6,975,7),(699,409,24,513,7),(700,410,23,872,7),(701,9,11,106,7),(702,162,13,291,7),(703,308,11,408,7),(704,497,9,272,7),(705,167,22,443,7),(706,236,5,327,7),(707,443,16,870,7),(708,19,1,314,7),(709,447,2,6,7),(710,245,5,810,7),(711,495,1,558,7),(712,422,17,191,7),(713,135,14,376,7),(714,429,1,954,7),(715,99,7,863,7),(716,277,21,617,7),(719,105,23,110,7),(720,47,11,865,7),(721,179,17,570,7),(722,425,10,703,7),(723,114,5,836,7),(724,438,17,468,7),(725,115,15,108,7),(726,96,18,354,7),(727,113,18,803,7),(728,219,26,971,7),(729,182,11,91,7),(730,187,16,600,7),(731,171,16,24,7),(732,395,24,938,7),(733,210,17,448,7),(734,357,1,754,7),(736,34,11,858,7),(737,168,19,790,7),(738,449,1,834,7),(739,357,1,365,7),(740,465,24,793,7),(741,416,21,617,7),(742,272,22,878,7),(743,116,5,723,7),(744,210,21,812,7),(745,272,24,131,7),(746,340,5,171,7),(747,4,17,822,7),(748,420,11,276,7),(749,80,5,536,7),(750,112,13,772,7),(751,116,6,844,7),(752,259,7,629,7),(755,176,1,854,7),(756,223,17,123,7),(757,107,19,744,7),(758,304,24,584,7),(759,267,12,960,7),(760,67,26,991,7),(761,286,12,930,7),(762,372,1,14,7),(763,257,24,39,7),(764,50,23,771,7),(765,47,14,436,7),(766,333,26,397,7),(767,326,11,749,7),(768,468,13,281,7),(769,375,5,762,7),(770,344,11,621,7),(771,38,9,906,7),(773,132,11,643,7),(774,414,2,718,7),(775,51,27,282,7),(776,246,13,902,7),(777,5,11,276,7),(778,99,1,1000,7),(779,45,27,245,7),(780,335,5,984,7),(782,372,9,601,7),(783,50,24,152,7),(784,107,24,973,7),(785,129,11,345,7),(786,436,5,820,7),(789,292,5,908,7),(790,301,21,896,7),(791,384,21,554,7),(792,287,21,336,7),(793,299,5,908,7),(794,146,2,6,7),(795,146,9,369,7),(796,439,24,903,7),(797,143,8,476,7),(798,272,4,211,7),(799,494,8,652,7),(800,472,19,869,7),(803,330,11,415,7),(804,89,5,440,7),(805,100,1,714,7),(806,44,1,714,7),(808,330,1,297,7),(809,340,17,260,7),(810,215,8,995,7),(811,352,6,477,7),(812,75,21,254,7),(813,105,1,837,7),(814,183,1,834,7),(815,34,6,673,7),(817,213,6,844,7),(818,142,1,1000,7),(819,402,1,692,7),(820,323,5,170,7),(821,417,5,233,7),(822,417,13,547,7),(823,229,11,946,7),(824,122,11,305,7),(826,404,5,908,7),(827,322,15,657,7),(828,289,18,853,7),(830,377,1,367,7),(831,273,24,300,7),(832,192,1,835,7),(833,168,24,138,7),(836,38,24,39,7),(837,28,24,886,7),(838,437,21,445,7),(839,24,4,500,7),(840,150,5,571,7),(841,331,30,774,7),(842,495,18,406,7),(843,60,4,211,7),(844,16,6,263,7),(845,465,17,200,7),(846,83,10,407,7),(847,72,23,576,7),(848,340,19,939,7),(849,426,6,223,7),(850,322,11,540,7),(851,320,1,416,7),(852,23,16,491,7),(853,349,9,378,7),(854,212,11,48,7),(855,272,21,949,7),(856,150,5,984,7),(857,184,1,833,7),(860,462,21,438,7),(861,104,26,269,7),(862,313,21,663,7),(863,447,10,77,7),(864,67,5,575,7),(866,430,1,954,7),(867,45,1,151,7),(868,75,30,371,7),(869,388,4,385,7),(870,167,13,985,7),(871,482,1,923,7),(872,445,5,816,7),(873,51,32,130,7),(874,141,11,42,7),(875,399,5,231,7),(876,20,5,8,7),(878,239,20,605,7),(879,239,1,609,7),(880,232,1,453,7),(882,413,11,91,7),(883,60,22,259,7),(884,142,8,805,7),(885,96,1,662,7),(886,392,1,338,7),(887,457,24,285,7),(888,204,15,447,7),(890,436,11,305,7),(891,355,10,266,7),(892,141,28,892,7),(893,288,4,330,7),(894,204,5,95,7),(895,302,5,618,7),(896,383,10,266,7),(897,20,18,352,7),(898,72,29,67,7),(899,45,18,342,7),(901,488,13,698,7),(902,106,21,459,7),(903,179,1,434,7),(904,455,21,738,7),(905,387,4,924,7),(906,240,15,368,7),(907,99,17,722,7),(908,305,22,153,7),(909,141,18,803,7),(910,434,11,540,7),(911,179,21,286,7),(912,176,17,260,7),(913,497,4,330,7),(914,172,11,48,7),(915,375,17,113,7),(916,107,1,99,7),(917,404,17,120,7),(918,187,24,214,7),(919,461,8,607,7),(920,226,5,208,7),(921,80,8,3,7),(922,303,21,362,7),(923,480,17,389,7),(924,367,9,906,7),(925,68,15,828,7),(926,480,24,221,7),(927,213,18,826,7),(928,355,10,77,7),(930,279,17,707,7),(931,426,18,977,7),(932,244,21,548,7),(933,417,21,461,7),(934,50,8,439,7),(935,240,15,174,7),(936,157,4,385,7),(937,288,7,827,7),(939,246,18,826,7),(940,8,12,320,7),(941,425,8,439,7),(942,358,5,904,7),(943,322,2,201,7),(945,367,32,92,7),(946,276,26,808,7),(947,252,5,44,7),(948,115,8,217,7),(949,249,18,487,7),(950,279,21,286,7),(951,293,17,200,7),(952,390,21,628,7),(954,404,17,235,7),(955,390,23,591,7),(956,78,32,328,7),(958,267,6,263,7),(959,392,11,20,7),(960,123,5,163,7),(961,461,9,294,7),(962,275,21,755,7),(963,72,5,801,7),(965,171,24,300,7),(966,300,9,518,7),(967,399,15,741,7),(968,218,13,952,7),(969,258,12,639,7),(970,168,21,75,7),(972,308,8,429,7),(973,438,5,449,7),(974,377,16,348,7),(975,218,11,428,7),(976,109,4,978,7),(977,166,4,676,7),(978,373,11,351,7),(979,59,7,875,7),(980,24,5,816,7),(982,149,12,992,7),(983,215,5,80,7),(984,308,23,36,7),(985,176,7,141,7),(986,29,21,441,7),(987,15,23,196,7),(988,338,27,746,7),(990,47,23,850,7),(991,389,15,174,7),(992,240,22,443,7),(993,136,11,551,7),(994,494,1,297,7),(995,28,29,237,7),(996,292,22,410,7),(997,244,17,557,7),(998,494,4,616,7),(999,187,10,187,7),(1000,318,1,495,7),(1001,246,11,643,7),(1002,427,5,224,7),(1003,441,16,348,7),(1005,168,11,650,7),(1006,111,1,151,7),(1007,384,33,137,7),(1009,443,27,282,7),(1010,38,17,932,7),(1011,315,6,298,7),(1012,197,5,27,7),(1014,318,3,524,7),(1015,323,5,467,7),(1016,323,26,879,7),(1017,20,10,407,7),(1018,232,5,571,7),(1019,369,5,686,7),(1021,279,21,798,7),(1022,140,4,620,7),(1023,40,10,451,7),(1024,488,18,532,7),(1026,383,17,897,7),(1030,333,8,287,7),(1031,78,15,783,7),(1032,45,14,716,7),(1033,443,5,262,7),(1034,456,23,893,7),(1036,166,5,814,7),(1038,458,22,172,7),(1039,16,13,431,7),(1040,296,13,119,7),(1041,386,5,908,7),(1042,115,7,863,7),(1045,305,22,410,7),(1046,275,17,860,7),(1047,191,5,327,7),(1050,276,21,435,7),(1052,31,13,339,7),(1053,168,13,533,7),(1054,392,21,864,7),(1055,387,19,819,7),(1056,289,11,671,7),(1057,223,18,5,7),(1061,240,17,198,7),(1062,457,15,909,7),(1063,238,5,821,7),(1064,382,17,557,7),(1065,357,21,794,7),(1066,19,27,21,7),(1067,167,21,987,7),(1068,434,5,430,7),(1072,490,4,881,7),(1074,115,4,388,7),(1076,146,11,884,7),(1077,187,21,165,7),(1078,296,5,918,7),(1079,350,5,618,7),(1080,210,8,964,7),(1082,477,15,595,7),(1085,257,14,436,7),(1087,104,5,646,7),(1088,240,5,68,7),(1089,94,11,540,7),(1090,315,8,927,7),(1092,63,12,161,7),(1093,165,21,933,7),(1094,293,12,277,7),(1095,302,11,458,7),(1096,300,22,766,7),(1097,331,8,607,7),(1098,372,1,22,7),(1100,463,21,617,7),(1101,116,15,741,7),(1102,115,5,358,7),(1103,78,24,968,7),(1104,278,21,755,7),(1106,435,11,541,7),(1107,238,3,524,7),(1108,9,1,314,7),(1110,449,12,353,7),(1111,156,7,875,7),(1112,367,13,431,7),(1114,89,10,187,7),(1115,404,13,952,7),(1117,495,21,286,7),(1118,153,27,21,7),(1119,221,13,15,7),(1121,375,18,962,7),(1123,115,11,796,7),(1124,113,17,389,7),(1126,306,5,293,7),(1127,396,5,309,7),(1129,391,5,646,7),(1131,417,17,191,7),(1132,483,1,627,7),(1134,367,13,281,7),(1135,60,11,590,7),(1137,260,5,312,7),(1138,101,27,21,7),(1139,89,23,350,7),(1140,171,5,45,7),(1141,134,19,154,7),(1142,19,21,804,7),(1143,74,11,91,7),(1144,477,21,864,7),(1145,67,15,595,7),(1146,500,11,37,7),(1147,74,8,626,7),(1148,292,23,301,7),(1149,31,21,206,7),(1151,100,11,227,7),(1152,183,16,93,7),(1153,33,8,916,7),(1156,289,24,214,7),(1157,458,15,783,7),(1158,364,13,281,7),(1160,369,16,348,7),(1161,29,11,528,7),(1162,430,14,959,7),(1163,224,8,784,7),(1165,386,21,564,7),(1168,199,21,336,7),(1169,425,15,828,7),(1170,120,21,587,7),(1174,276,3,524,7),(1175,386,32,92,7),(1178,172,5,249,7),(1179,429,2,278,7),(1180,18,21,675,7),(1181,387,18,925,7),(1182,177,21,693,7),(1183,468,18,363,7),(1184,75,1,367,7),(1185,162,24,687,7),(1186,16,21,951,7),(1187,488,18,969,7),(1189,387,14,697,7),(1190,309,19,11,7),(1191,200,23,110,7),(1194,101,11,831,7),(1195,184,9,825,7),(1196,47,8,735,7),(1198,388,17,265,7),(1199,430,23,920,7),(1201,210,2,29,7),(1202,500,11,999,7),(1203,426,1,568,7),(1205,67,5,8,7),(1207,402,5,171,7),(1209,162,1,834,7),(1210,497,11,702,7),(1211,109,11,227,7),(1213,191,5,2,7),(1214,51,15,741,7),(1215,309,26,808,7),(1216,238,23,52,7),(1217,296,21,215,7),(1218,92,7,875,7),(1220,86,21,554,7),(1221,455,1,121,7),(1222,27,21,997,7),(1224,177,16,132,7),(1225,88,4,388,7),(1226,192,13,119,7),(1227,480,21,43,7),(1229,221,33,180,7),(1230,238,23,333,7),(1231,432,4,957,7),(1234,411,24,216,7),(1235,167,24,584,7),(1237,109,1,538,7),(1238,243,11,458,7),(1239,369,7,875,7),(1240,88,18,279,7),(1241,166,5,383,7),(1242,35,18,352,7),(1243,224,5,801,7),(1245,320,1,380,7),(1247,259,13,401,7),(1248,432,4,654,7),(1250,135,17,860,7),(1251,483,6,94,7),(1252,345,1,692,7),(1253,309,20,117,7),(1254,491,11,351,7),(1255,100,1,411,7),(1257,219,8,800,7),(1258,433,19,614,7),(1259,200,11,950,7),(1260,427,24,183,7),(1262,301,1,534,7),(1263,152,5,136,7),(1264,154,33,994,7),(1265,226,12,277,7),(1267,156,21,122,7),(1268,120,23,52,7),(1269,19,10,914,7),(1270,126,13,401,7),(1271,200,17,822,7),(1272,194,1,989,7),(1273,430,21,681,7),(1275,212,21,486,7),(1279,463,5,801,7),(1281,301,23,333,7),(1282,267,19,292,7),(1283,466,22,259,7),(1284,472,11,373,7),(1285,27,12,161,7),(1287,72,1,725,7),(1288,184,5,184,7),(1290,29,26,879,7),(1291,416,12,682,7),(1293,275,14,436,7),(1294,35,11,351,7),(1295,150,22,967,7),(1296,53,13,339,7),(1297,480,21,812,7),(1298,355,5,98,7),(1301,53,8,626,7),(1302,296,11,761,7),(1303,372,8,469,7),(1307,269,21,951,7),(1308,344,25,680,7),(1311,150,11,509,7),(1312,192,5,98,7),(1313,419,2,478,7),(1314,449,1,624,7),(1315,416,4,559,7),(1316,29,11,195,7),(1317,369,3,284,7),(1318,391,31,280,7),(1319,196,1,714,7),(1321,278,13,15,7),(1325,191,23,517,7),(1327,467,12,743,7),(1328,391,5,782,7),(1329,126,1,963,7),(1331,373,6,733,7),(1332,279,4,46,7),(1334,338,2,750,7),(1335,215,5,188,7),(1336,63,5,501,7),(1337,54,14,118,7),(1339,192,21,798,7),(1342,202,1,9,7),(1343,404,11,839,7),(1345,218,27,581,7),(1347,462,12,734,7),(1348,240,22,953,7),(1350,44,9,369,7),(1351,342,30,379,7),(1352,402,11,195,7),(1353,276,4,396,7),(1354,183,21,628,7),(1355,269,18,88,7),(1356,497,3,284,7),(1358,63,24,634,7),(1360,396,7,322,7),(1361,96,11,415,7),(1362,184,21,794,7),(1363,176,1,367,7),(1365,206,8,625,7),(1366,276,17,768,7),(1369,126,27,282,7),(1370,92,30,651,7),(1372,367,14,307,7),(1375,258,1,116,7),(1376,384,11,888,7),(1377,140,13,952,7),(1379,15,12,992,7),(1381,51,12,734,7),(1382,419,4,885,7),(1383,255,24,176,7),(1384,232,22,848,7),(1385,233,21,454,7),(1386,383,11,195,7),(1387,196,11,950,7),(1388,127,17,474,7),(1389,441,27,58,7),(1391,163,5,430,7),(1393,199,21,812,7),(1394,92,11,20,7),(1395,199,21,798,7),(1396,211,27,58,7),(1397,51,10,563,7),(1398,212,23,110,7),(1399,327,21,459,7),(1400,197,24,871,7),(1401,236,4,881,7),(1402,372,5,232,7),(1404,277,9,203,7),(1406,111,11,54,7),(1407,156,21,206,7),(1408,258,24,793,7),(1410,53,6,94,7),(1411,245,2,750,7),(1413,417,8,805,7),(1414,447,11,643,7),(1415,313,21,124,7),(1417,152,5,449,7),(1418,471,30,371,7),(1419,315,5,231,7),(1421,109,19,154,7),(1422,225,27,915,7),(1425,163,21,849,7),(1426,480,21,804,7),(1427,417,17,260,7),(1428,322,5,168,7),(1430,5,23,340,7),(1432,114,26,879,7),(1435,183,11,613,7),(1437,47,23,760,7),(1438,449,4,676,7),(1439,111,15,817,7),(1440,168,33,72,7),(1441,225,11,494,7),(1442,430,5,689,7),(1445,31,16,537,7),(1446,136,1,69,7),(1447,33,16,321,7),(1448,211,6,220,7),(1449,248,11,408,7),(1450,236,20,605,7),(1451,75,26,808,7),(1452,104,1,854,7),(1453,434,12,619,7),(1454,313,12,639,7),(1455,333,11,519,7),(1456,447,1,472,7),(1457,483,6,107,7),(1458,260,21,510,7),(1459,273,5,309,7),(1461,439,5,456,7),(1462,200,12,619,7),(1463,55,27,61,7),(1464,206,11,749,7),(1465,488,10,295,7),(1468,288,1,907,7),(1471,373,20,649,7),(1473,50,9,518,7),(1474,392,27,581,7),(1475,472,15,741,7),(1476,143,1,495,7),(1477,259,17,606,7),(1479,293,4,1,7),(1481,434,5,646,7),(1483,358,1,785,7),(1484,82,11,845,7),(1485,197,16,24,7),(1489,1,11,195,7),(1490,114,1,297,7),(1491,257,5,664,7),(1492,297,1,954,7),(1494,238,5,68,7),(1495,23,18,977,7),(1496,268,4,1,7),(1497,368,10,563,7),(1498,416,20,535,7),(1500,447,5,293,7);

/*Table structure for table `sucursal` */

DROP TABLE IF EXISTS `sucursal`;

CREATE TABLE `sucursal` (
  `id` int(10) NOT NULL,
  `id_ciudad_ubica` int(10) NOT NULL,
  `id_zona` int(10) NOT NULL,
  `direccion` varchar(50) NOT NULL,
  `nombre_encargado` varchar(50) DEFAULT NULL,
  `contacto_encargado` varchar(50) DEFAULT NULL,
  PRIMARY KEY (`id`),
  KEY `id_ubicacion` (`id_ciudad_ubica`),
  KEY `id_zona` (`id_zona`),
  CONSTRAINT `sucursal_ibfk_1` FOREIGN KEY (`id_ciudad_ubica`) REFERENCES `ciudades` (`id`),
  CONSTRAINT `sucursal_ibfk_3` FOREIGN KEY (`id_zona`) REFERENCES `zona` (`id`)
) ENGINE=InnoDB DEFAULT CHARSET=utf8;

/*Data for the table `sucursal` */

insert  into `sucursal`(`id`,`id_ciudad_ubica`,`id_zona`,`direccion`,`nombre_encargado`,`contacto_encargado`) values (1,176,6,'4157 7th Trail','Ennis Darmody','2327579050'),(2,298,3,'573 Fairfield Road','Ettore Youel','6501887330'),(3,377,6,'2 Oak Valley Junction','Willy Blazic','5812603273'),(4,57,8,'6037 Village Green Road','Nicolai Petrov','7238095920'),(5,797,8,'9853 Ohio Center','Isabelle Ugoni','7501328464'),(6,127,7,'8 Russell Point','Woodman Daen','3314940108'),(7,345,8,'10 Holy Cross Hill','Dorene Sheryn','3236529713'),(8,197,6,'603 Westerfield Court','Francisca Bunting','5269011996'),(9,33,8,'7315 Vermont Street','Aurelie O\'Sharry','5625210957'),(10,13,4,'78364 Steensland Avenue','Julio Coom','4083613530'),(11,825,1,'30 Crownhardt Park','Gayla Wellbelove','5433836582'),(12,512,1,'5785 Corben Way','Kynthia Rosindill','5099773101'),(13,892,5,'1437 Judy Center','Noell Durrett','8388510391'),(14,72,8,'62 Kropf Road','Cobb Bellee','6287048701'),(15,633,4,'62066 Northfield Center','Benoite Burcombe','9541939964'),(16,128,2,'27636 Bowman Park','Cooper Twinberrow','5394212910'),(17,549,5,'8 Esch Terrace','Ashlen Livsey','6104621884'),(18,114,3,'31 1st Crossing','Leone Yearsley','4293057152'),(19,1075,7,'8 Grim Alley','Shanda Waulker','6118635306'),(20,473,7,'16 Norway Maple Hill','Cirstoforo Wolfendell','4876487600'),(21,1078,7,'7 Valley Edge Alley','Dodi Guillot','2828535526'),(22,8,1,'23 Main Alley','Judy Fletcher','3232557473'),(23,711,6,'7245 Onsgard Circle','Casar Elward','7991342025'),(24,695,1,'64851 Dayton Court','Ara Druitt','4321423898'),(25,532,3,'28944 Sutteridge Lane','Bertha Ughini','7355998253'),(26,763,8,'032 North Plaza','Roddy Gallager','1196916383'),(27,266,8,'95 Emmet Center','Vince Edgeley','5858993457'),(28,718,5,'3 Eagle Crest Place','Bambi Overal','6122203842'),(29,141,3,'435 Atwood Park','Bobbee Christie','1054874026'),(30,664,4,'3 Lake View Parkway','Ahmed Benito','6898264271'),(31,821,6,'7 Anniversary Pass','Kalvin Mesias','7166397092'),(32,1097,6,'2 Stone Corner Avenue','Corly Worlock','1937477077'),(33,958,8,'43371 Talisman Trail','Nomi Guyonnet','6823857740'),(34,518,6,'078 Oneill Plaza','Maggie Sidebottom','2026766157'),(35,841,1,'976 Mcbride Place','Jennine Bunyan','9103359997'),(36,969,2,'453 Packers Terrace','Libbey Scholard','2919945955'),(37,494,3,'32160 Westerfield Point','Min Wapple','3947601502'),(38,1006,6,'128 Buena Vista Junction','Xena Colles','2525018167'),(39,1020,3,'854 Summerview Circle','Kev De Benedetti','6547973378'),(40,156,7,'107 Nobel Road','Jordain Phillips','9326612871'),(41,863,3,'2320 Waywood Hill','Hayden Najafian','7178206246'),(42,479,1,'96684 Summerview Lane','Odell Kohrt','8473433270'),(43,868,5,'31795 Burning Wood Center','Joete Blesing','9296176464'),(44,275,2,'9 3rd Alley','Mechelle Bartles','9386654905'),(45,279,3,'9 Butterfield Lane','Roxane Purches','1981892525'),(46,168,6,'944 Clyde Gallagher Place','Ina Clem','9353493207'),(47,368,5,'261 Clyde Gallagher Park','Aldric Crippell','2162736554'),(48,530,5,'54 Corscot Way','Emma Corragan','4426192322'),(49,969,2,'36 Daystar Crossing','Marcelle Loakes','3352587741'),(50,343,2,'075 Holy Cross Park','Bennett Goodbairn','4363296730'),(51,851,8,'4590 Butternut Crossing','Purcell Thormann','7559761500'),(52,982,8,'40 Laurel Avenue','Otho Warrilow','8386776256'),(53,83,2,'5 Huxley Avenue','Karia Farden','3328552647'),(54,555,2,'575 Dryden Parkway','Egan Ivchenko','8726809088'),(55,321,1,'09870 Golden Leaf Lane','Kyrstin Howison','1875759160'),(56,962,7,'97 Dawn Alley','Rosabel Shovelbottom','7062676571'),(57,822,1,'0 Harbort Parkway','Theodora Duckfield','3043761103'),(58,1080,7,'502 Veith Parkway','Boycie Bellinger','8755959990'),(59,202,8,'353 Sommers Road','Dolores Aberdein','3933805085'),(60,905,5,'38 Granby Junction','Seward Keyzman','2015262640'),(61,1075,6,'6 Autumn Leaf Street','Stanley Carley','5924712220'),(62,907,4,'9 Hintze Road','Isa Freckleton','7144214626'),(63,705,6,'358 Lake View Place','Aurilia McClurg','1342118816'),(64,928,4,'173 Birchwood Way','Yasmin Nibloe','8527020690'),(65,1088,5,'843 Evergreen Circle','Revkah Maruszewski','2515910955'),(66,405,4,'546 Buena Vista Circle','Roldan Baughan','4385252450'),(67,1091,3,'492 Roxbury Terrace','Olympie Jursch','2342244311'),(68,290,1,'08 Ohio Parkway','Shirlee Bracer','6066556946'),(69,121,7,'73 Steensland Terrace','Ardeen Ubsdall','5444427547'),(70,556,1,'03 Anthes Court','Yul Skellen','7388028328'),(71,582,7,'25061 Commercial Crossing','Gwendolen Vasilyev','7182411311'),(72,1115,6,'7 Pine View Avenue','Hamilton Jerrard','1753742004'),(73,67,1,'08603 Rutledge Point','Cherida Martinec','8002289275'),(74,763,1,'626 Oakridge Crossing','Odelle Applebee','9922496330'),(75,866,2,'76 Schurz Circle','Tiff Dewer','9583703718'),(76,428,5,'84022 Messerschmidt Junction','Darcy Hane','6251596308'),(77,440,8,'23 Express Pass','Judy Noquet','2889400138'),(78,966,2,'56 Petterle Way','Antonius Normant','9464898745'),(79,709,7,'0 Kim Park','Bernette Overell','8563299638'),(80,218,1,'21737 Mandrake Point','Gayle Roberti','9099346949'),(81,1112,7,'55 Eagle Crest Avenue','Kiele Escala','6618193120'),(82,334,6,'7870 Grasskamp Way','Zaneta Whenman','7108524886'),(83,418,1,'4025 Sycamore Lane','Alysa Perch','7735785044'),(84,959,6,'71484 Maryland Pass','Rosemaria Yerbury','3622360971'),(85,835,4,'9 Fisk Terrace','Ernest Coots','3781920403'),(86,646,3,'16 Wayridge Park','Elfreda Keuning','3975246397'),(87,550,6,'87912 Menomonie Hill','Goddard Toal','4287496220'),(88,777,2,'2 Nova Parkway','Blancha Fist','5254579328'),(89,254,7,'00 Melby Way','Iorgos Timbrell','8102488090'),(90,702,1,'7650 Ronald Regan Lane','Renata Petyankin','8037536944'),(91,564,3,'0 Hooker Place','Garik Vasiljevic','6465674533'),(92,1114,4,'790 Waywood Park','Harriot Parlot','2671077293'),(93,703,7,'35342 Summit Center','Jannelle Brommage','6122581458'),(94,330,1,'0505 Birchwood Trail','Dani Satchell','6032239763'),(95,258,2,'6489 Erie Plaza','Modestine Harmar','3379954748'),(96,347,2,'14345 Washington Terrace','Gabriella Semarke','6283377617'),(97,358,8,'1 New Castle Junction','Kathye Raith','8794261539'),(98,268,4,'5756 Vera Drive','Marj Toulson','8822459423'),(99,119,7,'38594 Bellgrove Crossing','Alastair Olligan','7342070643'),(100,95,8,'21355 Hallows Pass','Leanora Muscroft','1486656443'),(101,1016,8,'94324 Warner Court','Roman Semerad','8578824498'),(102,163,4,'95102 Southridge Trail','Eva Dow','1961185303'),(103,376,1,'9313 Drewry Road','Donni Paydon','3673495783'),(104,554,3,'26 Drewry Terrace','Marcelline Quincey','7968605243'),(105,1112,8,'7472 Jenna Alley','Amargo Lefley','5231593663'),(106,535,7,'46 Oxford Way','Trix Flea','2586236553'),(107,325,1,'21922 Old Shore Plaza','Charmaine Overland','8929232182'),(108,665,6,'42 Everett Road','Riki Grimsey','2879337061'),(109,649,1,'34 Dawn Drive','Samara Balffye','9849976297'),(110,972,4,'6 Kropf Pass','Graham Petracek','4893710076'),(111,155,1,'9 Donald Circle','Orton Waterland','3844571006'),(112,127,6,'126 Muir Avenue','Leonie Collete','6539538689'),(113,762,5,'5157 Springview Point','Gaston Belfield','7712382974'),(114,659,5,'126 Sage Court','Erhard Cotelard','4989532567'),(115,633,7,'01 Esch Avenue','Cecilia McGoogan','3655340952'),(116,111,1,'88 Express Street','Corrie Stovin','5797222937'),(117,841,2,'6 Anderson Plaza','Chester Mushet','6637078962'),(118,642,2,'5 Little Fleur Plaza','Jessi Bonelle','3629853585'),(119,613,3,'51399 Cherokee Pass','Pen McAlpin','9262234167'),(120,730,8,'076 Oxford Hill','Coretta Schutze','1147970524'),(121,109,7,'9 Almo Point','Estel Andrey','4058121533'),(122,856,1,'6 Maywood Crossing','Yale Boreland','4188992932'),(123,715,2,'92 Schiller Crossing','Kalina Baudoux','8477968369'),(124,917,7,'64051 Holy Cross Place','Lodovico Livings','1051696970'),(125,452,4,'48472 Autumn Leaf Road','Lynna Drinkall','9403525431'),(126,356,1,'72 Truax Place','Meade Rawlence','7201643548'),(127,448,5,'97 Sullivan Hill','Christopher Facey','3511685236'),(128,313,8,'12891 Memorial Court','Opal MacPherson','1144824226'),(129,1017,4,'455 Comanche Way','Ferdy Ever','2121598874'),(130,1114,1,'13362 Karstens Drive','Jeane Jaggard','4978800514'),(131,1013,5,'993 Dapin Terrace','Ninette Wickliffe','7059792038'),(132,690,5,'155 Ramsey Trail','Shelli Raatz','3748517341'),(133,252,6,'590 Novick Road','Elisha Fayer','9638669440'),(134,75,8,'86 Dovetail Center','Padget Punshon','6773439729'),(135,1025,2,'55706 Kim Hill','Veradis Olivello','9092681685'),(136,209,8,'884 Fallview Court','Karim Beacock','4079731242'),(137,1118,5,'52920 Declaration Avenue','Delly Duffet','7132920905'),(138,1023,2,'1011 Eastlawn Road','Dane Sommerton','9983301742'),(139,487,5,'886 Monument Lane','Herb Loines','9053800531'),(140,168,5,'39421 Amoth Drive','Monica Iron','1521828104'),(141,348,2,'51605 Burning Wood Lane','Arleyne Clutterham','4925148750'),(142,352,8,'8 Katie Crossing','Elwin Keith','7794686514'),(143,745,6,'26 Northridge Way','Dori Beeswing','6418016390'),(144,175,8,'6 Mayer Park','Waylin Yeskin','9546585650'),(145,894,4,'1033 Kropf Street','Morris Eckels','2822838754'),(146,1025,1,'98 Larry Court','Leon Tomanek','7865094300'),(147,588,1,'8330 Transport Plaza','Nils Vasilenko','4535210340'),(148,226,2,'122 Bartelt Junction','Amandie Wapples','9297995795'),(149,570,7,'913 Oak Valley Court','Jessie Opy','4674662022'),(150,80,5,'883 Dayton Place','Scottie Jopke','8455233921'),(151,66,4,'29172 Mariners Cove Road','Caril Trytsman','1113365102'),(152,1033,7,'1191 Mallard Center','Cate Flohard','2165028044'),(153,934,3,'696 Jackson Park','Dov Simonutti','9516701457'),(154,825,4,'36840 Washington Trail','Lynne Simioni','5839383226'),(155,1075,4,'6855 Towne Alley','Benetta Brookfield','9661995331'),(156,1082,8,'15913 Starling Place','Taylor Scad','3328627911'),(157,1096,7,'8 Mitchell Road','Clifford Springtorpe','1871466306'),(158,940,8,'88866 Holmberg Street','Antonetta Peers','7657742733'),(159,815,7,'0051 Loftsgordon Crossing','Alana Stenning','6272276074'),(160,328,1,'6 Thackeray Place','Loni Jankovic','1468671748'),(161,599,2,'301 Golf View Plaza','Marius McNiven','6384336474'),(162,819,8,'6 Cascade Junction','Rickard Volk','8836770969'),(163,293,3,'7 Lien Alley','Marin Kirdsch','3429937409'),(164,27,3,'22567 Petterle Circle','Teddie Heathfield','2936932402'),(165,860,4,'6091 Kingsford Hill','Jonie Keeling','8465934887'),(166,312,7,'307 Green Ridge Plaza','Urban Georgievski','2026128452'),(167,801,2,'98950 Blaine Place','Lucian Thorbon','9417870360'),(168,267,8,'14082 Mariners Cove Terrace','Shermie Patrickson','1602964962'),(169,973,2,'80874 Barby Street','Corissa Elloit','9178714046'),(170,275,8,'0 Debs Lane','Graham Pothecary','9113001789'),(171,231,1,'33 Alpine Drive','Pier Eckh','1866693265'),(172,937,3,'307 Transport Court','Kendrick Alderwick','9638960977'),(173,204,8,'4910 Susan Plaza','Clarey Clemon','7085254011'),(174,659,8,'66 Summerview Park','Graeme Couvet','9148721685'),(175,126,4,'707 Monument Court','Robinson Pavlov','9475707548'),(176,1008,4,'4807 Buhler Avenue','Mariska Theobalds','2642815392'),(177,108,1,'455 Myrtle Avenue','Gianna Peal','5052676657'),(178,410,1,'01599 Eggendart Lane','Marieann Wherrett','8971369458'),(179,340,4,'5098 Ilene Pass','Prudy Fratczak','9911588267'),(180,1117,2,'807 Pleasure Place','Shela Doust','4341924543'),(181,760,2,'90 Prairieview Lane','Saundra Thumnel','1218462259'),(182,832,7,'6515 Alpine Point','Sadie Popping','9355244205'),(183,1043,6,'0 Lakewood Gardens Parkway','Moe Scurrer','5106424384'),(184,306,6,'41663 Oxford Center','Reggis Tuffey','6915066001'),(185,678,6,'502 Portage Plaza','Ariela Fryett','3487427948'),(186,77,5,'32 Scoville Court','Kizzie Chappelle','2366914294'),(187,432,8,'5 Namekagon Avenue','Ag Matieu','3475604927'),(188,202,1,'26517 Oneill Plaza','Rodolphe Gubbins','9877257694'),(189,795,1,'8 Talisman Drive','Cal Morrallee','3574729357'),(190,675,3,'1745 Green Ridge Place','Casi Cleynaert','3215085343'),(191,759,5,'14901 Gale Drive','Gabey McCague','4384095859'),(192,891,8,'28 Shopko Road','Rodolfo Strowthers','9478824377'),(193,720,4,'7 Ludington Junction','Jorie Brooks','2493618029'),(194,459,6,'3890 Myrtle Parkway','Marylou Lawlee','9478112990'),(195,524,8,'5 Mcbride Plaza','Humfrid Faircliffe','9208693678'),(196,974,5,'44935 Manitowish Pass','Rozalie Hadgkiss','1523005749'),(197,107,1,'0 Vahlen Pass','Yalonda Linne','2743464639'),(198,743,6,'090 Mcbride Place','Charleen Vanichev','6716730923'),(199,867,8,'3249 Lake View Hill','Cale Papa','5563124529'),(200,714,7,'8 Tomscot Court','Jenifer Wortley','1719191462'),(201,136,6,'21 Sundown Trail','Jobie Skeete','1217808263'),(202,219,6,'93733 Moose Junction','Cal Allchin','7947026875'),(203,415,7,'110 Cottonwood Lane','Wilma Westpfel','4602018421'),(204,488,1,'35 Mcguire Plaza','Lacie Venard','4455075801'),(205,175,2,'88605 Hagan Park','Beau Gilleson','2086827039'),(206,859,5,'3894 Northland Plaza','Shamus Bayfield','4735301085'),(207,350,5,'28 Butterfield Parkway','Starlene Callam','2585907192'),(208,304,2,'68 Crescent Oaks Way','Aguste McSorley','1361581666'),(209,363,2,'2 Scott Pass','Tamarra Hutcheon','3382971105'),(210,1094,6,'56929 Swallow Court','Tessa Brosetti','3864271619'),(211,188,8,'150 Holy Cross Lane','Alfi Daniell','8443446024'),(212,536,6,'15155 Waywood Center','Giffie Elvidge','7762151020'),(213,751,7,'77 Mallory Avenue','Ignace McGraffin','8234889691'),(214,1007,7,'93477 Rockefeller Court','Tobie Fogden','7438356921'),(215,868,8,'8685 Ludington Point','Sydney Gaffon','8261203285'),(216,1039,5,'10112 Oneill Place','Filmore McIllroy','9011535004'),(217,397,8,'6 Coolidge Road','Patty Warden','8755480034'),(218,350,2,'67744 Troy Circle','Lanny Affron','7645287562'),(219,640,5,'6 Troy Point','Thom Honisch','6027103648'),(220,321,6,'1649 Nova Court','Avivah Chimienti','4087784406'),(221,1033,2,'63040 Wayridge Pass','Royal Briddock','4248421804'),(222,900,7,'1313 Rigney Way','Elias Runchman','7372547943'),(223,342,7,'078 Debs Junction','Susan Bollum','3813502732'),(224,289,3,'56 Little Fleur Hill','Page Biagioni','4971600850'),(225,298,2,'9 Waubesa Court','Wynnie Strodder','5332534027'),(226,275,4,'86744 Walton Lane','Harland Vinnicombe','6206840048'),(227,490,4,'8733 Corry Terrace','Ardelle Pybus','8069792429'),(228,1004,5,'49 Monterey Crossing','Gun Gelderd','1306726711'),(229,939,2,'2502 Straubel Lane','Livy Dumbare','5256327174'),(230,10,4,'664 Barby Parkway','Cinda Lowis','5918615766'),(231,214,7,'6 Northview Point','Pavlov Sellar','4362933588'),(232,258,5,'3 Esch Way','Wallas Luna','3524101106'),(233,275,3,'26014 8th Trail','Doe Elce','8263071798'),(234,956,4,'7 Chinook Alley','Harv Zorzutti','2148975295'),(235,772,2,'322 Pierstorff Road','Lacey McIlroy','3235895684'),(236,275,2,'12704 Elka Court','Terrell Branchflower','4972923446'),(237,1086,7,'973 Bay Alley','Judie Janczewski','9318199943'),(238,125,7,'50 New Castle Point','Idalia Biasioni','8798318089'),(239,971,3,'2 Elgar Trail','Der Playfair','2668541525'),(240,747,6,'662 Johnson Point','Rudie Jeandet','6904788923'),(241,412,1,'598 Dryden Court','Stacey Cornfield','4399996198'),(242,66,4,'774 Bartillon Hill','Marlowe Bramsom','8747079354'),(243,241,6,'47 Hanson Circle','Rusty Rich','4675153660'),(244,1095,5,'45544 Randy Trail','Ula Burrass','7046698237'),(245,1077,7,'8330 Moland Drive','Elwood Hedges','2152340732'),(246,921,5,'40086 Maple Place','Graeme Louisot','9688262152'),(247,242,3,'5 Annamark Center','Evanne Cornfield','2695898417'),(248,397,2,'62340 Sunnyside Place','Burnard Pocklington','5309797261'),(249,258,5,'04 Paget Point','Quinton Lasselle','5077765875'),(250,650,2,'11 Hauk Road','Veda Shovlar','9823006688'),(251,751,6,'8720 3rd Road','Anna-maria Merwede','1651346618'),(252,873,1,'953 Hanover Pass','Aprilette Eastcott','1136070175'),(253,506,4,'5 Montana Street','Cymbre Sives','2167939149'),(254,869,4,'3 Sommers Park','Nicolina Lowrey','7794355049'),(255,78,3,'33619 Morningstar Center','Brit Kittel','5054077444'),(256,112,7,'2 Rieder Drive','Rennie Jukes','2222932219'),(257,440,6,'748 Sherman Crossing','Averell Matthewson','2181629638'),(258,667,2,'0566 Carey Circle','Der Sandeson','4329911716'),(259,952,2,'6 Hermina Alley','Talbot MacConnell','4115190547'),(260,721,5,'2869 Redwing Lane','Levin Mixhel','2792913215'),(261,275,1,'6 Nova Avenue','Verile Faussett','7948593371'),(262,253,2,'31 Walton Center','Rod Shevlane','3639476016'),(263,323,4,'4 Northfield Parkway','Worden Storm','3975855683'),(264,481,8,'89023 Kingsford Terrace','Vinita Jost','5677765158'),(265,739,2,'40249 Coleman Plaza','Edith Wilcott','4242551807'),(266,431,5,'520 Marcy Hill','Marty Sustins','8487050743'),(267,151,3,'5905 David Circle','Stacee Casel','6036794103'),(268,446,6,'05009 Carberry Hill','Mic Swanton','9723770774'),(269,1065,6,'39170 Vera Plaza','Osborn Knutsen','7786181885'),(270,169,3,'11954 Columbus Court','Curran Curnok','2889036556'),(271,1064,2,'21688 Lakeland Drive','Yehudi Kenforth','1738109614'),(272,424,1,'65 Hansons Center','Javier Vickress','7902417762'),(273,369,5,'7 Morning Lane','Morly Beake','7881821435'),(274,670,8,'4 Vermont Lane','Tessy Shalliker','5497446678'),(275,1037,1,'74328 3rd Junction','Freida Mannooch','9114714319'),(276,501,6,'882 Norway Maple Junction','Payton Vasilchikov','7667917601'),(277,578,5,'811 1st Hill','Hobart Dockrill','1673042721'),(278,127,8,'3983 Judy Lane','Goddard Badrick','5522738216'),(279,780,5,'40 Alpine Place','Jed Lockart','4047766866'),(280,1107,7,'088 Granby Drive','Gearard Jewsbury','3836969151'),(281,616,7,'9 Manufacturers Lane','Nada Schermick','7137716326'),(282,1071,4,'04 Spaight Circle','Pepillo Willshee','8381404012'),(283,1111,6,'3 Pawling Place','Robbert Hannond','1441086015'),(284,149,8,'21381 Service Alley','Ermentrude Petzold','9745980317'),(285,1026,1,'907 Debs Point','Claudette Blurton','2364475453'),(286,849,5,'111 Crest Line Way','Raynell Letchmore','5378263958'),(287,378,2,'803 Jenifer Place','Enriqueta Gridon','3821960550'),(288,1074,1,'1433 Lotheville Circle','Krysta Klulicek','1744372766'),(289,755,2,'8 Petterle Plaza','Sara Morgue','3558790520'),(290,1054,3,'2368 Washington Parkway','Andriana Bruhnke','5125424000'),(291,608,2,'80 Sauthoff Place','Woodman Farleigh','5942137800'),(292,823,8,'5148 Delladonna Junction','Clarie Macguire','1033222784'),(293,306,4,'63 Evergreen Park','Dare Tanswill','8367641345'),(294,425,7,'80118 Karstens Court','Akim Mehaffey','3667764703'),(295,455,7,'7122 Springview Parkway','Jacky Gouldsmith','2606718425'),(296,723,4,'1814 Troy Park','Charmion Muzzillo','2941175445'),(297,77,7,'471 Raven Alley','Daloris Ransome','8292875713'),(298,324,7,'0 Mallory Pass','Victoir Lochrie','9181825659'),(299,910,5,'73019 Caliangt Hill','Bibi Brabbs','7855073955'),(300,1031,8,'9 Cascade Junction','Marin Sitford','2568899083'),(301,978,2,'4 Grasskamp Parkway','Lemmie Dreini','2839280477'),(302,606,7,'6 Center Trail','Jami Eberle','3486900668'),(303,445,2,'7540 Pond Crossing','Earlie Audus','7288751110'),(304,476,7,'94076 Bluejay Road','Sandy Sunman','1696755212'),(305,551,7,'9 Hauk Hill','Yelena McGarry','3554881137'),(306,646,4,'0 Summit Point','Evvy Brooker','5737673950'),(307,642,6,'74 Warrior Place','Luella Tetford','9815535309'),(308,945,6,'821 Paget Drive','Cherianne Ingerfield','1208448834'),(309,205,3,'6 Weeping Birch Street','Hayward Hurch','1009133514'),(310,1003,3,'4 Meadow Vale Court','Elyn Hakonsson','3624692168'),(311,864,5,'4203 Harbort Terrace','Catlee Risbridger','4108973066'),(312,272,2,'4 Ohio Pass','Mathian D\'Aeth','7679562098'),(313,905,2,'52005 Shopko Crossing','Ricki Geffinger','4675071320'),(314,45,4,'8 Magdeline Avenue','Leonelle Borell','8334333079'),(315,479,4,'8 Sycamore Hill','Jacenta Gaiter','4469332327'),(316,1089,6,'4 Beilfuss Circle','Joelle Meneur','8399325854'),(317,619,3,'82936 American Parkway','Cyrille Esmond','6322118623'),(318,1085,5,'93 Springs Terrace','Bordy Proctor','4288038425'),(319,327,1,'8315 5th Junction','Charline Beamond','6989336216'),(320,602,8,'98318 Eagan Park','Roxi Garside','6384581071'),(321,708,8,'1601 Declaration Parkway','Suki Gunda','7039313592'),(322,361,2,'9 Leroy Plaza','Mac Fine','7547476711'),(323,1053,2,'7291 Hayes Court','Morlee Rait','2144392179'),(324,50,4,'6 Clemons Point','Isa Fearon','4004002517'),(325,262,8,'0505 Brickson Park Terrace','Cletus Yakhin','9293432234'),(326,440,2,'17 Evergreen Street','Nil Clouter','8454158553'),(327,291,5,'1 Anniversary Hill','Lara Signori','1997561391'),(328,1110,6,'158 Knutson Court','Pascal Watters','2592806781'),(329,497,6,'360 Gina Crossing','Bettine Gligoraci','6969009666'),(330,185,6,'7 Shasta Place','Anet Abarough','4608615060'),(331,742,3,'66192 Logan Plaza','Rudolf Savary','2014040259'),(332,697,2,'215 Express Alley','Langston Headington','1024750909'),(333,990,4,'64924 Heffernan Parkway','Ardella Boal','7711477124'),(334,553,4,'44354 Jay Place','Charlean Warmisham','4817440664'),(335,1012,5,'64 Saint Paul Avenue','Angelica Poles','3222023795'),(336,901,1,'194 Havey Lane','Teodorico Chiverstone','2198125510'),(337,292,1,'9801 Huxley Crossing','Clywd Benting','7311729713'),(338,101,3,'15 Dixon Avenue','Missie Musso','1606079936'),(339,607,1,'9 Badeau Road','Fiann Volonte','8501379359'),(340,999,5,'998 Bashford Point','Rossy Gheeraert','6429205448'),(341,184,1,'0 Dapin Road','Joli Redrup','3077701011'),(342,795,8,'28 Montana Road','Ailina Coulter','6114375031'),(343,342,5,'14394 Dawn Place','Michele Asee','3345029688'),(344,200,1,'698 Spohn Crossing','Pennie Rarity','1578757875'),(345,493,4,'46212 Bowman Street','Clovis Pledger','8974721606'),(346,221,4,'74545 Rowland Park','Renate Redit','7532332337'),(347,107,8,'707 Manufacturers Crossing','Wanids Breitling','4732321875'),(348,711,7,'457 Troy Court','Alejoa Cruden','7135626452'),(349,278,8,'909 Delaware Center','Amie Risbridger','1891555354'),(350,997,3,'28 Kenwood Place','Ephrem Pladen','8636576249'),(351,472,7,'18 Pennsylvania Alley','Kaile Rushsorth','7311005792'),(352,808,7,'8 Monument Terrace','Carlin Sponer','5643415743'),(353,593,6,'52 Ramsey Terrace','Anny Seacroft','3783049927'),(354,804,8,'38 Bayside Court','Patrick Babonau','1109326954'),(355,649,2,'69 Blackbird Street','Dalt McFfaden','8652390913'),(356,729,1,'4453 Burrows Junction','Rosemonde Edelmann','5891029431'),(357,142,6,'40 Springview Parkway','Gilemette Sanches','6811072114'),(358,261,2,'5411 Stephen Park','Vittoria Rounds','9145169702'),(359,419,2,'63 Roxbury Drive','Reggie Serraillier','6252457645'),(360,437,5,'30559 Spenser Circle','Nikolos Websdale','3141294997'),(361,942,5,'27 Magdeline Way','Wyn Napleton','9284078647'),(362,894,8,'7452 Farmco Pass','Federica Plenderleith','3357741390'),(363,791,2,'0 Center Place','Noe Saiens','6865262482'),(364,394,2,'6530 Moose Street','Kort Ketley','1492222951'),(365,86,4,'30448 Memorial Avenue','Law Aylmore','2601283041'),(366,428,3,'7 Fuller Parkway','Courtnay McCurley','3973259672'),(367,28,6,'29 Loomis Pass','Noll Halifax','8924813445'),(368,663,1,'67832 Bellgrove Parkway','Trefor Pickance','3655251389'),(369,410,3,'50 Dovetail Court','Colette Spitell','4676340992'),(370,917,8,'871 Sycamore Center','Doloritas Sillis','8757738631'),(371,1098,7,'3 Harbort Way','Giacinta McCosh','4006345285'),(372,93,2,'08 Maple Parkway','Daphene Fulun','5012985380'),(373,471,4,'03146 Monica Alley','Elwin Novichenko','7663315057'),(374,826,5,'4375 Bunker Hill Hill','Davidde Vasyutichev','3508566103'),(375,321,7,'34 Kim Center','Ardis Edds','1123723794'),(376,650,8,'6861 Union Street','Bennie Whiles','2915149047'),(377,1080,5,'43 Monica Avenue','Xever Robard','1814067048'),(378,423,8,'9537 Rieder Place','Preston Steljes','8855964266'),(379,1097,3,'153 American Pass','Nil Arnason','7478787972'),(380,94,2,'83587 Logan Way','Kelby Tansey','4596640430'),(381,129,3,'59140 Sunfield Pass','Marven Worsnap','2927915703'),(382,826,2,'33659 Carioca Drive','Cross Moen','7824680542'),(383,223,5,'2 Amoth Street','Cristiano Conneau','8513506891'),(384,713,5,'23737 Anderson Trail','Hinze Kleiser','2239858313'),(385,194,7,'2262 Veith Circle','Jori Shipperbottom','7774605729'),(386,297,4,'398 Graedel Way','Tova Butts','6915193605'),(387,124,8,'73 Kinsman Crossing','Allx Maffy','9032955687'),(388,153,3,'052 Jackson Parkway','Robb Sargint','1978562474'),(389,726,7,'05 Mosinee Park','Shurlocke Baggelley','6996407398'),(390,186,1,'4911 Thierer Center','Winifred Janew','3713219651'),(391,292,4,'4 Crescent Oaks Pass','Abramo Milthorpe','3918031356'),(392,1011,1,'2 Pepper Wood Place','Gregory Warlowe','9883698260'),(393,1118,8,'985 Springs Pass','Arabela Slarke','3897187445'),(394,258,7,'8698 Butternut Crossing','Kerby Thurby','2627396033'),(395,1063,1,'3231 Gateway Plaza','Brok Sirey','2951927804'),(396,173,7,'1 Duke Street','Far McGrady','3606682367'),(397,1061,6,'93982 Cody Center','Susana Rojas','3635674346'),(398,643,7,'7499 Oak Valley Trail','Whitney Timeby','4996601498'),(399,573,8,'3429 Loeprich Hill','Ester Rowley','4774184405'),(400,589,6,'237 Ridge Oak Plaza','Constantia Marfield','3313281399'),(401,619,2,'0086 Gina Circle','Farlie Gradwell','1474131411'),(402,923,8,'67 Canary Alley','Carmella Waight','2094576994'),(403,79,5,'58 Buhler Lane','Martica McTerry','4708927738'),(404,277,7,'62 Briar Crest Point','Tova Doveston','9292211200'),(405,216,6,'57 Red Cloud Place','Emelda Potts','9062644178'),(406,790,5,'6 Cordelia Point','Meade Vaszoly','7242420482'),(407,453,3,'88553 Buhler Circle','Babb Dalwood','2685645318'),(408,519,3,'0278 Dawn Parkway','Olin Bramo','7586340972'),(409,957,4,'3461 Laurel Street','Dukey Fairhead','5055836854'),(410,954,2,'3 Sundown Alley','Colline Laight','1653622720'),(411,10,2,'469 Di Loreto Terrace','Kahaleel Margetts','6074291698'),(412,845,6,'32263 Milwaukee Lane','Gweneth Redpath','5299392906'),(413,762,6,'16555 International Road','Hilario Ballintyne','1058375706'),(414,546,2,'7 Roth Crossing','Dalt Tonnesen','1073980256'),(415,460,3,'96 Birchwood Point','Gery Shaylor','2169386430'),(416,107,5,'4097 Mockingbird Junction','Cheri Setch','6056992912'),(417,528,6,'4712 Ilene Avenue','Sibella Croy','6509418089'),(418,1106,8,'75 Kim Crossing','Ora Mathieson','4296735990'),(419,960,4,'7 Sunfield Center','Bethanne McCarter','9527867811'),(420,1065,8,'98480 Larry Center','Mylo Sonnenschein','1958424772'),(421,645,3,'611 Evergreen Drive','Rossy Garmon','8647908858'),(422,188,3,'07405 Spenser Junction','Brand Youles','2694124036'),(423,762,4,'05849 Duke Parkway','Thornie Bolmann','5009438408'),(424,257,8,'24695 Butternut Center','Paton Rable','7593750948'),(425,242,6,'57 Manitowish Pass','Giffie Margaritelli','6251715733'),(426,224,1,'407 Southridge Terrace','Esther Coweuppe','8163641518'),(427,442,7,'773 Sauthoff Pass','Ailina Padula','2254130819'),(428,557,7,'1301 Hovde Circle','Dun Steketee','4767642516'),(429,366,7,'59 Esch Circle','Adaline Taphouse','9738704422'),(430,270,3,'53166 Hagan Way','Cathy Prestland','8632266908'),(431,605,1,'55176 Judy Way','Simonne Andrivot','1838183801'),(432,635,4,'7 Anzinger Parkway','Hilary Sandiford','7847615790'),(433,514,5,'6592 Haas Plaza','Garrett Straker','5061448000'),(434,50,5,'3365 Shasta Court','Dyanne Moodycliffe','8821414358'),(435,926,8,'661 Gulseth Circle','Frayda Toye','3891882695'),(436,644,5,'00 4th Court','Heddie Spatig','6975066965'),(437,316,2,'680 Nancy Pass','Even Blagdon','8134839648'),(438,863,5,'4270 Lindbergh Park','Reta Gilroy','9211311579'),(439,374,4,'3329 Forest Plaza','Molly Yanin','2861801178'),(440,254,8,'7 Kenwood Park','Laurena Niezen','2623917384'),(441,859,2,'7014 Talmadge Drive','Fionna Siddaley','3302820335'),(442,938,5,'15 Porter Crossing','Ryun Sherburn','4703029909'),(443,943,7,'34312 Caliangt Junction','Maye Thurlborn','9346867444'),(444,946,8,'067 Valley Edge Crossing','Osmond Whitehair','2368673613'),(445,849,2,'4260 Fair Oaks Alley','Augustine Arnfield','6172755035'),(446,799,8,'7017 Red Cloud Street','Lynett Grabiec','5978192703'),(447,655,1,'1 David Terrace','Myrilla Weafer','7599895340'),(448,740,2,'84 1st Point','Ora Tejada','3013378557'),(449,302,2,'98637 Alpine Plaza','Prescott Cubitt','3476503969'),(450,518,4,'4 Corben Road','Fedora Rosenkrantz','9297636025'),(451,436,4,'612 Novick Drive','Kaylyn Matoshin','5516845669'),(452,404,2,'000 Del Sol Road','Millard Van der Mark','1424639509'),(453,29,3,'17 Jay Trail','Martita Loxston','8652363225'),(454,858,6,'2 Gerald Road','Sasha Serot','1279698757'),(455,515,4,'0272 Pierstorff Alley','Way Aslam','9541208820'),(456,198,5,'78199 Forest Park','Lidia Cressingham','7392505093'),(457,68,3,'5970 Stang Drive','Milli Lamplugh','1716703075'),(458,548,3,'26654 Old Gate Point','Bartel Matejovsky','9147348486'),(459,847,3,'304 Kensington Drive','Zandra Hadeke','6415818444'),(460,552,6,'40645 5th Circle','Rheba Ainsley','2082226929'),(461,881,6,'50187 Schmedeman Lane','Pippy Jantet','1957826884'),(462,681,6,'37 Ludington Parkway','Tildy McGlaughn','9503216112'),(463,89,6,'8 2nd Crossing','Eli Colcomb','2312360377'),(464,111,8,'51357 Sloan Pass','Ree Forlong','1075055980'),(465,95,5,'41293 Goodland Street','Cosmo Gorring','9645881747'),(466,808,4,'72 Ridge Oak Place','Brennan Carsberg','3319011772'),(467,204,3,'82580 Eliot Trail','Clari Conboy','1994831754'),(468,743,5,'955 Redwing Street','Trenton Jizhaki','4749920291'),(469,384,6,'2875 Eliot Avenue','Valida Tonsley','1582433688'),(470,393,8,'322 Novick Street','Linnie Lurner','3908734498'),(471,521,8,'9 Mccormick Junction','Lorrie Harkes','1331436181'),(472,123,6,'55025 Mesta Trail','Dur McMennum','7021538745'),(473,402,8,'7 Dahle Hill','Audrey Lathom','6663959379'),(474,741,3,'066 Towne Pass','Liliane Dobinson','4183720293'),(475,442,7,'97 Arkansas Plaza','Adiana Strangward','2415725898'),(476,372,2,'40900 Gulseth Crossing','Berke Pegden','5339722406'),(477,319,5,'39 Eggendart Plaza','Matilda Pulver','9076344625'),(478,132,3,'54 Express Park','Deane Mastrantone','2134281090'),(479,1113,6,'82262 Duke Place','Kevina Dorran','8747429423'),(480,296,2,'74928 Charing Cross Road','Mabelle Toffoloni','4519934606'),(481,455,3,'96367 Village Hill','Che Robel','3551956396'),(482,802,2,'6401 Valley Edge Parkway','Lauren Gallamore','6834790641'),(483,856,5,'3540 Kennedy Court','Nonnah Carson','9289149823'),(484,758,3,'67935 Bluejay Crossing','Harriette Yapp','7785257921'),(485,793,8,'9039 Emmet Parkway','Albrecht Rimes','7378898488'),(486,888,3,'20527 Homewood Place','Wendye Walbrun','9411750915'),(487,779,1,'40516 Red Cloud Point','Geno Bushen','2269404722'),(488,827,1,'4 Quincy Terrace','Benedick Thireau','9166740439'),(489,48,6,'82 5th Street','Luigi Sibthorp','4969751621'),(490,229,3,'9 Luster Point','Barron Shitliff','5878290186'),(491,694,1,'050 Victoria Park','Giorgio Millsom','9537750605'),(492,599,2,'6 Macpherson Lane','Nicolais Seawright','1807861827'),(493,145,4,'8204 Towne Lane','Amelita Hillyatt','2804636437'),(494,550,8,'67910 Bay Junction','Johnathon Covey','8741900567'),(495,72,7,'00 Darwin Plaza','Julio Bourdas','3408224561'),(496,763,1,'511 Welch Place','Lenna Sands','9165895186'),(497,272,4,'0687 Del Sol Court','Brigida Poytheras','4215004107'),(498,666,7,'8 Forest Dale Terrace','Cristin Attryde','3631399367'),(499,477,3,'8 Buell Crossing','Aliza Hyam','7632089421'),(500,194,6,'892 Waubesa Road','Doll Salerg','9959706433'),(501,291,6,'8034 Surrey Street','Lianne Lisle','3481542930'),(502,430,1,'86579 Eggendart Place','Crista Ladloe','2059397049'),(503,705,3,'7 Laurel Terrace','Yvette Mose','3026891586'),(504,520,3,'4056 Caliangt Center','Seward Bassill','2993451636'),(505,677,4,'0490 Acker Place','Cherice Chalice','1061741222'),(506,1099,6,'2770 Hovde Trail','Gretel MacFie','9706587617'),(507,789,7,'342 Farmco Terrace','Avram Strotton','2398188480'),(508,808,5,'29 Ridge Oak Avenue','Galen Pursehouse','4127141783'),(509,566,7,'0 Lindbergh Way','Armstrong Tolliday','7524023835'),(510,910,4,'954 Reindahl Circle','Krystalle Howsam','5951001107'),(511,549,7,'434 Mesta Alley','Margret Millan','3048646460'),(512,459,8,'8 Lyons Place','Amalie Reddecliffe','7824423651'),(513,1042,8,'72 Holy Cross Lane','Talbot Savins','3646898690'),(514,680,6,'54 Clove Street','Gil Gayle','4144924908'),(515,1031,1,'40 Mesta Avenue','Dara Rich','4668990716'),(516,985,8,'92588 Maryland Way','Huey Ravel','5064467611'),(517,972,2,'489 Homewood Circle','Mariellen Reynolds','6344936644'),(518,423,5,'03 Nelson Junction','Annecorinne De Ambrosi','8124965512'),(519,461,6,'55 Thackeray Junction','Sissie Dorian','4746604706'),(520,152,2,'61972 Northwestern Avenue','Wallace McGivena','3613962374'),(521,475,8,'57487 Steensland Crossing','Debera Mapston','4359741185'),(522,319,1,'95 Scoville Center','Linzy Danbrook','6557203363'),(523,304,6,'21 Westend Parkway','Nicoli Langtry','1412857151'),(524,149,8,'00 Maple Way','Zebedee Delaney','1341634380'),(525,321,1,'55232 Bobwhite Way','Deva Van Brug','8705084557'),(526,738,5,'8163 Mcbride Point','Lyell Skures','6583501975'),(527,185,3,'275 Fairview Alley','Portie Mosco','6285522567'),(528,521,2,'9202 Morningstar Hill','Jilli Harring','4127797717'),(529,281,2,'0 Hansons Point','Wynne Sherwyn','7925912731'),(530,796,6,'97 David Trail','Donavon Lay','4986517070'),(531,393,2,'3214 Arkansas Drive','Tillie Atwater','1874809250'),(532,802,4,'1681 Harper Way','Karola Colton','4022925061'),(533,616,8,'71661 Delladonna Way','Victor Doag','4678784503'),(534,82,3,'14 Mifflin Plaza','Pennie Denmead','4088955386'),(535,838,3,'7 Moulton Circle','Rachele Exrol','6868704594'),(536,301,5,'4 Center Road','Emilie Rosina','3642167013'),(537,685,5,'0 Hansons Pass','Teddy Zannelli','1665976870'),(538,34,4,'7 Stang Road','Myrlene Antoniazzi','2626113365'),(539,662,3,'96459 Golden Leaf Center','Electra Birdwhistell','4532512502'),(540,522,1,'13 Linden Alley','Krysta Sturrock','2218633797'),(541,465,4,'68830 Mesta Way','Rosana McCutcheon','5389586245'),(542,48,5,'1 Arizona Road','Forster Guinn','8142031352'),(543,636,8,'6503 Spaight Drive','Sonnie Pearce','1063751694'),(544,316,8,'8948 Dexter Point','Anna-diana Waddilow','9332281775'),(545,757,2,'150 Old Gate Parkway','Carola Sommers','5511449047'),(546,208,6,'083 Briar Crest Court','Dayna Roch','5413284133'),(547,625,6,'85 Sage Lane','Rurik Wickson','1895177991'),(548,856,2,'48005 Barby Avenue','Ronny Telford','6675196199'),(549,902,8,'38 Jana Park','Olympie Bonhill','3657299554'),(550,121,5,'07 Bluestem Drive','Oren Harrington','3377700164'),(551,562,8,'01797 Vahlen Drive','Tan Shuker','9153718750'),(552,520,3,'1780 Carey Trail','Jerrylee Slixby','7199033811'),(553,285,8,'66 Northridge Road','Thea Dalgarnowch','4137455443'),(554,898,2,'78 Maryland Parkway','Janina Kittle','3871910689'),(555,976,5,'33 East Plaza','Philippine Bampkin','1948891001'),(556,1043,1,'93 Commercial Street','Daphne Gallacher','1854265833'),(557,721,7,'1142 Elmside Circle','Bendick Gane','6318406131'),(558,108,1,'53897 Oak Pass','Honoria Profit','2037556508'),(559,151,2,'9629 Leroy Parkway','Hervey Wallwork','5369402568'),(560,241,4,'00279 Elka Place','Barrett Westphal','3773061551'),(561,892,6,'41 Mifflin Park','Lorianna Leupold','2163223694'),(562,961,4,'971 Cascade Lane','Chad Tomkinson','6556067812'),(563,430,3,'40 Duke Circle','Maggee Hub','7994426025'),(564,904,3,'0333 Dryden Alley','Ginelle Fredson','7689979457'),(565,625,1,'52300 Old Shore Place','Joela Comusso','9972621673'),(566,492,1,'905 Fairview Way','Putnem Malafe','9689466516'),(567,298,3,'4195 Granby Terrace','Sasha Vann','3606525421'),(568,47,7,'661 Chinook Hill','Harland Fardoe','5301782818'),(569,65,3,'11 Anzinger Center','Mickey Tupper','3162135024'),(570,746,4,'56671 Glacier Hill Road','Chloe Cassam','4774702941'),(571,260,4,'51077 Annamark Pass','Aymer Losel','5331094293'),(572,707,4,'54067 Mayfield Pass','Cacilia Froggatt','4997734281'),(573,19,7,'1 Manitowish Circle','Blair Tethcote','3967040889'),(574,617,6,'0029 Roth Road','Vidovik Conrard','5328384384'),(575,265,4,'233 Burning Wood Trail','Fifine Antrobus','1529584090'),(576,979,5,'25 Judy Trail','Carling Petrov','3641757552'),(577,720,6,'0 Corben Circle','Gordy Hurche','8348355423'),(578,1106,5,'621 Di Loreto Lane','Obed Kingett','1687743808'),(579,465,8,'3 Fulton Point','Reinhold Steagall','2725213311'),(580,866,6,'0597 Village Alley','Benedick Wiersma','1595432207'),(581,1071,1,'05147 Manley Pass','Phillie Wilmott','6448429083'),(582,284,3,'3 Lakewood Gardens Road','Jed Krolman','8105792927'),(583,386,1,'9433 Calypso Parkway','Roman Petriello','4108131669'),(584,1023,3,'71 Hovde Junction','Alejandra Bourner','9466608140'),(585,1,5,'724 Susan Circle','Taber Cummins','4464578258'),(586,505,4,'15903 Fairfield Pass','Gabe Kimmitt','4063438401'),(587,908,7,'51 Cherokee Plaza','Brittany Baalham','2126752059'),(588,484,5,'47860 La Follette Park','Naomi Rennie','6012650603'),(589,168,4,'965 Erie Park','Gay Purdom','3785381519'),(590,555,4,'28 Lotheville Way','Genvieve Buckerfield','9644365581'),(591,971,7,'4953 Independence Avenue','Joelie Houlton','8061854235'),(592,692,3,'313 Vahlen Alley','Cthrine Overthrow','8229935553'),(593,760,1,'9 Fallview Plaza','Bernardo Studart','2391373036'),(594,642,4,'121 Bluejay Plaza','Todd Boodell','3722052815'),(595,664,4,'8 Miller Place','Hattie Klassmann','3001848367'),(596,158,6,'749 Northview Junction','Charita Lanchbery','3177679998'),(597,832,5,'81434 Mariners Cove Crossing','Carola Lardier','4339355807'),(598,176,7,'23876 Veith Trail','Garold Belderson','3587281315'),(599,490,7,'1000 Stang Drive','Renelle Ludgate','6331350907'),(600,685,2,'4619 Atwood Hill','Cordelia Simmonett','7511599879'),(601,420,5,'77 Dapin Place','Skyler Mityukov','1928882333'),(602,680,5,'616 Waywood Trail','Cassondra Merriman','8429291299'),(603,833,2,'72886 Ludington Crossing','Marina Trenouth','3799113623'),(604,445,7,'3 Victoria Circle','Rorke Prattington','7707464163'),(605,833,1,'1050 Park Meadow Place','Earlie Henderson','3525128050'),(606,714,3,'72 Armistice Terrace','Ulick Sehorsch','7859232268'),(607,371,5,'7113 Miller Place','Koenraad Dictus','6856674414'),(608,121,2,'20 Kinsman Court','Rodie Piaggia','6474529531'),(609,40,5,'5704 Main Plaza','Emmalynne Gostick','5913720889'),(610,548,5,'32620 Bartillon Point','Daune Gardner','7433009559'),(611,463,1,'5849 Scofield Circle','Catherina Margarson','3019698170'),(612,511,5,'13467 Algoma Way','Terrell Golton','3988221202'),(613,561,5,'200 American Court','Amalee Kirkam','5286699337'),(614,820,8,'8 Sullivan Trail','Mariele Grent','5369665286'),(615,705,7,'404 Forest Run Point','Lanita Tire','1129393750'),(616,174,3,'46 Graceland Terrace','Denyse Shipman','9435845330'),(617,870,2,'89 Packers Lane','Lemmy Crossan','7036960937'),(618,254,4,'19865 Ridgeway Plaza','Spike Muggach','2912506604'),(619,595,4,'4825 Milwaukee Drive','Zechariah Lydford','1651033349'),(620,158,4,'31 Kingsford Road','Roxanne McGriffin','1014012620'),(621,563,1,'95945 Mitchell Alley','Vanda Dudderidge','7011646674'),(622,341,4,'65804 Ohio Road','Sue Haselden','5149247409'),(623,534,8,'46 Nevada Way','Lisle Marchi','6943764046'),(624,78,6,'079 Riverside Avenue','Lou Rawcliff','6627537656'),(625,391,7,'55506 Granby Road','Carlos Bavin','5095499310'),(626,392,4,'1 Garrison Crossing','Kingston Vescovo','2003240666'),(627,101,4,'50660 Merchant Park','Griffin Cashell','9814517507'),(628,867,8,'6 Brown Circle','Kathlin Dreini','9767275730'),(629,350,1,'972 1st Crossing','Jocelyne Tortice','3759515814'),(630,416,7,'76631 Brentwood Crossing','Gabbie Nourse','4699707083'),(631,190,6,'38 Erie Trail','Elnore Losselyong','1438797516'),(632,499,6,'6642 Sage Park','Brendan Lindenbaum','3643752970'),(633,1091,7,'7478 Ridgeview Road','Fabio Webb','3337478849'),(634,1029,3,'98547 Donald Hill','Andy Featenby','7458761128'),(635,784,8,'13134 Anniversary Crossing','Lisabeth Blastock','9679031246'),(636,3,8,'913 Sundown Point','Max Rosenschein','7181325721'),(637,215,6,'74 School Crossing','Lyndsay Gutman','9282099965'),(638,72,8,'767 Waubesa Alley','Gabbey Fonzone','2646231543'),(639,602,8,'95 Di Loreto Street','Ursulina Gaitskell','7486095063'),(640,107,3,'384 Anniversary Park','Curtis Jacobson','4205804462'),(641,364,6,'4 Dixon Street','Madelena Spours','7785519076'),(642,800,2,'87060 Marquette Terrace','Abelard Nevill','5425118710'),(643,505,2,'878 Fallview Plaza','Carlos Fowden','6887858876'),(644,914,6,'2 Forster Court','Ilysa Sains','2276760836'),(645,810,6,'7308 Glendale Way','Twyla Butterick','5482488724'),(646,280,8,'53 David Crossing','Cirilo Lilleycrop','4718545540'),(647,463,5,'64 Oakridge Crossing','Rorke Granger','9625496886'),(648,233,1,'5 Mendota Crossing','Gizela Bezant','7375034421'),(649,830,7,'1 Service Street','Tate Bryns','2648539232'),(650,571,8,'1 Hazelcrest Street','Ronda Maylott','2972277052'),(651,1099,8,'5 Kennedy Road','Nil Warhurst','7466485667'),(652,369,2,'3904 Melvin Court','Reinhold Aird','8047195624'),(653,870,2,'78337 Prairieview Junction','Augusto Pretsel','3052933045'),(654,164,4,'25462 Fisk Center','Mitzi Corston','9622570805'),(655,291,7,'14 Carioca Way','Dion Cossar','1981474489'),(656,339,3,'491 Southridge Street','L;urette Clemencet','6164396865'),(657,669,5,'4 Portage Point','Shea Wholesworth','9048380304'),(658,803,8,'30 Summit Plaza','Douglass Arnett','5222969578'),(659,841,1,'19157 Springview Court','Nanete Coopman','5625311569'),(660,494,3,'139 Raven Center','Kellby Laurens','5595920612'),(661,951,3,'095 Browning Road','Burnard Scoyne','1087488429'),(662,112,2,'4346 Ronald Regan Avenue','Mandie Mor','6114508040'),(663,927,7,'9 Green Point','Zonda Reinhart','3066981834'),(664,210,8,'6151 Bluestem Alley','Kermit Lewisham','4552501654'),(665,315,5,'1 Boyd Center','Dehlia Danby','2847968522'),(666,1052,1,'9005 Victoria Center','Kellia Rebillard','2895677788'),(667,895,4,'0117 Arrowood Court','Olag Morch','1419047286'),(668,816,1,'471 Hazelcrest Drive','Kyla Hurdedge','4051923180'),(669,604,1,'2686 Clove Pass','Bradford Ceeley','6268722104'),(670,1022,2,'1456 Sycamore Drive','Celle Caton','2844198685'),(671,567,6,'1 Barnett Parkway','Lazaro Goves','2132815872'),(672,721,8,'8970 Corscot Place','Edie Iddison','2553620951'),(673,331,4,'2967 Barnett Circle','Zachery Fassmann','7676293878'),(674,1074,2,'26 Havey Avenue','Shelia Karpfen','2447183074'),(675,897,7,'2 Lakewood Gardens Plaza','Meris Elders','9822413769'),(676,182,6,'8078 Northview Pass','Otes Hedgeman','2242125651'),(677,8,7,'29 Tony Plaza','Delmar Flowerdew','1938637982'),(678,426,6,'51 5th Hill','Selene Eddolls','5077979738'),(679,670,6,'17 Artisan Alley','Ashlan McGuane','1256722028'),(680,1050,4,'38 Canary Road','Bobbye Schleswig-Holstein','4294368700'),(681,919,7,'661 Manufacturers Street','Merill Bagwell','6869718573'),(682,584,7,'179 Hagan Center','Sarene Itzkin','5603441731'),(683,995,1,'1 Stuart Point','Bobby Linny','6701311632'),(684,107,8,'9 Packers Alley','Corie Bignell','2534308083'),(685,178,5,'0699 Nevada Circle','Gay MacCurtain','8306058446'),(686,270,8,'1617 Norway Maple Parkway','Nicholas Spreadbury','9192267842'),(687,1003,8,'5 Hagan Park','Trumaine Arney','4122749212'),(688,1031,7,'7832 Dryden Center','Parrnell Vonasek','8085667318'),(689,294,5,'39 Arapahoe Pass','Gwenette Spataro','6801328263'),(690,1013,5,'26 Westend Drive','Carrol Rameau','2924925269'),(691,557,8,'12323 Scofield Trail','Nadine Silverstone','2518533538'),(692,50,6,'1213 Pond Avenue','Xaviera Hurtado','5718115816'),(693,891,5,'0875 Upham Avenue','Sonny Hawkey','1356615539'),(694,897,5,'676 Londonderry Street','Ebony Cleave','9772234835'),(695,156,8,'4 Delaware Drive','Valma Figura','2618182013'),(696,597,6,'27420 Rusk Terrace','Kathye Barracks','4503805487'),(697,639,5,'6 Norway Maple Crossing','Joice O\' Quirk','1921445504'),(698,622,8,'89153 Meadow Ridge Parkway','Stephie Dorning','4936537652'),(699,397,8,'5116 Saint Paul Drive','Westley O\'Dennehy','1597293271'),(700,117,7,'3 Continental Hill','Grier Nassey','3101513703'),(701,634,1,'3 8th Crossing','Jeannine Boylan','6184877001'),(702,480,2,'14 Elgar Avenue','Milo Dreinan','9467183860'),(703,439,3,'9 Badeau Avenue','Linn Dechelette','7491126408'),(704,979,4,'2 Namekagon Pass','Gelya Geraghty','6723550899'),(705,455,4,'1946 Golf Course Lane','Courtney Frosdick','6654877529'),(706,858,6,'05043 2nd Place','Duky Challener','9427199272'),(707,724,4,'23 Lotheville Point','Debby De Gouy','5258266261'),(708,1001,8,'5 Norway Maple Lane','Mervin Fowell','3996259303'),(709,1,3,'83 Fallview Way','Kikelia Charle','5895472089'),(710,581,3,'85 Manley Trail','Wilmer Jozsa','5374790554'),(711,235,4,'40 Boyd Park','Clara Filippazzo','4694682459'),(712,972,7,'89 Lawn Terrace','Fritz Reynolds','2855914556'),(713,993,7,'583 Bellgrove Street','Beitris Gyves','6462185294'),(714,6,8,'2326 Badeau Court','Berti Joice','2598724912'),(715,969,5,'0794 Maple Wood Road','Fanya Emsley','3874278295'),(716,641,5,'580 Corscot Street','Janeen Colbertson','8558499738'),(717,99,2,'7 International Junction','Truda Tamsett','3076887240'),(718,132,1,'0 Springview Center','Britte Rawes','4932251238'),(719,912,2,'90 Dennis Drive','Joni Roberts','2539674675'),(720,390,5,'301 Twin Pines Point','Andy Szymanzyk','8627815165'),(721,239,7,'92812 Hoard Way','Nolana Thorrington','1983246254'),(722,712,5,'98 Dayton Pass','Gabrila Creese','6408509703'),(723,206,5,'5 Burrows Terrace','Lucy Slater','4869379274'),(724,210,2,'4780 Kings Trail','Findley Canto','8163283052'),(725,110,2,'75 Commercial Road','Lianne Aronovich','6769949279'),(726,819,6,'5 Manufacturers Circle','Sherye Jeffcoat','8837416928'),(727,1067,4,'55 Charing Cross Park','Reid Dunk','1343370466'),(728,253,6,'998 Debs Alley','Aaren Whimper','6859775850'),(729,811,2,'3 Brentwood Court','Dasya Gaize','6512708344'),(730,247,3,'147 Sachtjen Junction','Ches Wayt','5054750160'),(731,298,8,'203 Portage Point','Lory Franek','2432163770'),(732,614,7,'9728 Westerfield Point','Marrilee Reside','1839174267'),(733,321,1,'7 Dawn Parkway','Donia Baldi','2983063846'),(734,593,6,'0312 Lakeland Pass','Kit Ivetts','1939629377'),(735,381,2,'1 Myrtle Center','Ambros Muccino','4866520965'),(736,167,5,'8354 Nobel Hill','Ethe Roughsedge','5861170156'),(737,324,8,'1 Raven Place','Hymie Calbert','3276046916'),(738,885,1,'3861 Nobel Trail','Vasili Flewitt','4886698268'),(739,441,1,'63752 Arrowood Way','Hobey Kitt','6166435479'),(740,580,8,'666 Monterey Court','Lorette Wimbridge','5206195063'),(741,665,4,'12148 Algoma Circle','Michael Bleackly','5654926420'),(742,519,5,'559 Nevada Avenue','Elston Rountree','7349183646'),(743,585,3,'056 Bluejay Terrace','Morley Potzold','5856678977'),(744,824,7,'124 Northland Crossing','Gillan Mafham','3375889419'),(745,364,5,'86838 Dapin Crossing','Donielle Moorman','2084484547'),(746,1082,2,'677 Monterey Parkway','Monti Espadate','8459123177'),(747,263,5,'92701 Crest Line Way','Purcell Coull','4332172028'),(748,1072,4,'9318 Homewood Point','Trenna Jacobowitz','5561047564'),(749,566,3,'14798 Crownhardt Point','Dov Jirik','1297050443'),(750,129,2,'7963 Talisman Parkway','Addy Bemment','5174996056'),(751,238,8,'99384 Prairie Rose Court','Mikaela Enright','3906156428'),(752,63,6,'24186 Rockefeller Parkway','Grete Eddoes','1203318286'),(753,7,4,'7232 Esch Place','Lisa Lambal','7344348828'),(754,48,6,'24826 Alpine Circle','Garfield Ulster','3118453416'),(755,870,8,'579 Pennsylvania Circle','Humfrid Choupin','4476524220'),(756,893,2,'093 Mayer Center','Katie Skilton','9291829539'),(757,21,1,'69790 Pond Street','Serene Foy','6026203886'),(758,100,4,'428 Kensington Circle','Olympie Ortmann','2752657478'),(759,1046,6,'4 Pepper Wood Lane','Cammy Bozward','1541785438'),(760,985,2,'44 Magdeline Pass','Fern Tompkins','4631363758'),(761,547,3,'0283 Shopko Road','Demetrius Erswell','5391175652'),(762,248,2,'08 Comanche Road','Lorinda Reinhard','4769049458'),(763,1113,1,'364 Brown Trail','Joelly MacNeilage','5535145798'),(764,730,5,'41 Debs Place','Craggie Hoble','1966002267'),(765,934,3,'616 Loeprich Crossing','Gabby Gerson','9024897521'),(766,951,8,'8 Elmside Park','Morse Grollmann','3943471073'),(767,654,1,'30157 Spohn Parkway','Odelinda Grabban','9914703411'),(768,750,6,'32 Troy Park','Falito Fowle','9922964838'),(769,1023,3,'6 Marcy Parkway','Nicolais Zuann','7245581125'),(770,676,5,'589 Mcbride Junction','Hollyanne Yorke','1015484353'),(771,976,5,'790 Longview Lane','Ailbert Maylard','2028338124'),(772,614,2,'40769 Oneill Drive','Maurizio Jorio','9426673884'),(773,29,5,'791 Manitowish Drive','Dita Laydon','7029825931'),(774,1102,2,'80638 Rowland Place','Patrizia Graddon','7318380594'),(775,1034,4,'0 John Wall Plaza','Sylas Edwards','9967153529'),(776,238,2,'30995 Old Shore Center','Kissiah Proback','9914941336'),(777,743,7,'197 Jackson Junction','Leoline Chaunce','4222177490'),(778,1118,1,'1 Fisk Terrace','Colleen Brabham','7925051133'),(779,1029,7,'58000 Maywood Park','Mellisa McCracken','5532281148'),(780,569,3,'13 Sheridan Terrace','Raymund Renzo','9901249458'),(781,884,8,'7072 Manufacturers Pass','Lenette Fryers','9926081223'),(782,234,1,'6834 Kinsman Drive','Josy Dudden','5031774118'),(783,653,1,'8 Waxwing Terrace','Kimmy Blackbrough','1903600257'),(784,379,1,'475 Eastwood Avenue','Zea Sicely','7934288366'),(785,42,6,'63597 Parkside Point','Erin Wimp','2285226848'),(786,53,1,'0 Packers Road','Haily Story','4562808426'),(787,329,3,'796 Graedel Junction','Pammi Averill','7654977761'),(788,961,4,'3 Magdeline Park','Ailsun Deller','1728313433'),(789,699,1,'42394 Lindbergh Circle','Wynne McTerry','9793005223'),(790,819,8,'5707 Ramsey Circle','Gabbey Vallender','9444156148'),(791,1092,1,'638 Farragut Trail','Phaedra Statersfield','3073377626'),(792,761,6,'2956 Banding Crossing','Rozamond Loveguard','1201702605'),(793,1010,8,'3572 Hollow Ridge Park','Tillie Rickersy','5465061398'),(794,892,1,'41 Kinsman Pass','Jamaal Ellerington','7853089890'),(795,332,4,'204 Mifflin Point','Orlando Gall','1815000791'),(796,533,2,'10 Main Road','Hart Deniscke','1137379805'),(797,106,6,'941 Upham Parkway','Eward Gascar','2681292743'),(798,877,6,'935 Cottonwood Center','Padraic Kinglesyd','7091671091'),(799,805,6,'0340 Moose Alley','Annmaria Bernadot','7433390306'),(800,365,5,'154 Cascade Circle','Mar Benardet','8005932934'),(801,287,7,'84175 Debra Hill','Kenny Joye','1478524245'),(802,1042,1,'34 Steensland Street','Aveline Gabel','6149083239'),(803,776,3,'5748 Corben Pass','Tracie Shorrock','3124305957'),(804,863,2,'99861 Troy Street','Atalanta Desseine','6697569149'),(805,372,6,'2 Paget Plaza','Arel Baxendale','9683328364'),(806,1002,3,'2 Carioca Point','Cherey Dimitrescu','3692128375'),(807,577,1,'74074 Vera Drive','Chrissy Marjot','9302599742'),(808,1053,6,'75 Quincy Avenue','Terrye Lodwick','9988673490'),(809,215,1,'40137 Wayridge Drive','Donella Videler','6542852499'),(810,211,7,'79184 Kim Street','Kent Lafrentz','7638662189'),(811,279,3,'53 Elgar Drive','Margie Syratt','2484786235'),(812,871,1,'1137 Cordelia Pass','Averell Peppard','4187863499'),(813,247,3,'846 Warner Way','Sibeal Dimmne','5131927490'),(814,314,8,'72728 Blaine Pass','Roxy Murkus','7311303465'),(815,520,5,'4 Springview Pass','Dennie Crow','9711356773'),(816,251,5,'10229 Swallow Drive','Niels Hanniger','9509867604'),(817,653,6,'010 Grayhawk Terrace','Simmonds Katzmann','9937094989'),(818,166,6,'65 Reinke Avenue','Cassandre Liddel','5379189865'),(819,826,1,'59 Lighthouse Bay Lane','Sully Christmas','8958328881'),(820,290,6,'83529 Merchant Place','Pearline Walsom','3683264807'),(821,305,2,'1076 Lakeland Center','Catrina Pedrollo','9036031646'),(822,726,5,'5 Katie Drive','Valeria Roy','7495572529'),(823,153,7,'90033 Dawn Terrace','Sid Tour','3896241541'),(824,201,8,'77 Ludington Road','Vickie Raden','6363117964'),(825,418,8,'72 Dwight Court','Rafa Choppin','7735554146'),(826,778,2,'95904 Troy Hill','Silvanus Brandino','6203708389'),(827,354,6,'836 Pankratz Place','Bartholomeus Crake','3826948207'),(828,677,6,'4640 Fieldstone Avenue','Jojo Crookshanks','4137498577'),(829,167,7,'738 Mesta Junction','Jonie Stilgoe','3998393678'),(830,1040,5,'497 Pawling Road','Anthea Endricci','8366661903'),(831,546,1,'5975 Rigney Road','Kaycee Jimpson','2573645633'),(832,138,8,'29 Porter Park','Elise Snap','4817561859'),(833,74,5,'517 Texas Place','Harrie Soppitt','8025095545'),(834,95,5,'421 Lien Road','Joye Ray','3708118012'),(835,62,8,'1931 Gateway Junction','Diannne Glanders','8382371228'),(836,294,7,'0466 Dryden Way','Suellen Bevan','4754729511'),(837,68,3,'7358 Drewry Plaza','Zola Crowth','7744525882'),(838,299,4,'27 Heffernan Hill','Carmen Fursse','9549169933'),(839,468,7,'2694 Pawling Crossing','Guthrie Kilpatrick','7186766313'),(840,508,6,'20165 Longview Point','Gustav Sambiedge','2787756517'),(841,513,1,'69852 Meadow Ridge Point','Murray Weadick','3405112436'),(842,862,4,'017 Surrey Trail','Adolph Redemile','4577944334'),(843,316,2,'44568 Anhalt Hill','Geordie Bromehed','2994517413'),(844,335,7,'3473 Mcguire Street','Isiahi Curlis','6105948941'),(845,510,7,'56 Talisman Way','Matti Powelee','2884603215'),(846,1084,2,'8 Fordem Center','Bernhard Shave','9636098192'),(847,338,1,'9294 Sachtjen Drive','Audrey Ellery','3791825415'),(848,941,4,'1 Jana Trail','Sadella Brawson','2229060949'),(849,894,6,'6046 Cascade Pass','Kiersten Gavaghan','4939941097'),(850,972,7,'5 Maywood Pass','Romy Dumper','7968181851'),(851,101,3,'99 Mesta Alley','Kip Cogley','7365139772'),(852,569,7,'26 Mesta Point','Dunc Chalker','2194832290'),(853,783,1,'08 Northridge Pass','Anderea Cluse','2678120209'),(854,64,2,'82 Towne Trail','Gennie Oloshin','9147374389'),(855,1042,5,'43 Reindahl Court','Ximenes Danett','6302363718'),(856,1064,5,'5 Merchant Point','Edvard Chater','1386789620'),(857,726,4,'2146 Delladonna Drive','Jackelyn Rodinger','3896492326'),(858,540,1,'319 Transport Court','Zitella Paxton','8217236273'),(859,288,5,'4725 Talisman Parkway','Chery Berendsen','8138729488'),(860,759,1,'508 Bonner Road','Juieta Waldren','9761989212'),(861,389,2,'49 Lukken Park','Godfree Simmings','9093753512'),(862,924,7,'5 Riverside Street','Abbey Stanlack','4303384290'),(863,347,6,'0047 Everett Parkway','Grier Pridding','1635938503'),(864,923,4,'1980 New Castle Park','Isacco Starmont','5426117400'),(865,536,3,'4 Sullivan Parkway','Ofilia Antley','2432981321'),(866,1110,8,'0 Talisman Junction','Hedwig Duddell','3926673594'),(867,216,5,'65664 Alpine Circle','Alameda Lorryman','7627713044'),(868,378,2,'20889 Kipling Court','Shara Whitters','5542530537'),(869,824,2,'6 Village Alley','Jobye De Freitas','6422606324'),(870,705,6,'7984 Dahle Place','Yanaton Maudson','8648011962'),(871,1009,1,'79 Magdeline Lane','Danita Kurten','1795327413'),(872,956,1,'3413 Spenser Avenue','Sigfrid De Domenicis','8442827276'),(873,801,7,'6936 Texas Court','Lianna Scougall','9838236143'),(874,201,3,'439 Claremont Hill','Wilhelmina Conwell','7467456136'),(875,347,4,'933 Hoard Circle','Nike Worrall','7223601123'),(876,1082,2,'7104 Miller Pass','Carri Blundin','4832393787'),(877,452,6,'90633 Elmside Trail','Cello MacNeillie','9126406395'),(878,945,4,'68442 Northport Place','Angelica Walley','5043606579'),(879,1069,8,'68119 Lighthouse Bay Center','Viviene Alben','2853578998'),(880,1018,4,'6860 Meadow Vale Circle','Miguela Tomaszczyk','7539781183'),(881,183,5,'34027 Clemons Parkway','Cozmo Benmore','7423452341'),(882,265,5,'36238 Bellgrove Street','Yance Bulter','5588336080'),(883,166,3,'57936 Haas Hill','Gelya Satteford','8154021310'),(884,516,5,'3354 Maryland Avenue','Simonne Lachaize','6533732844'),(885,165,4,'34 Michigan Lane','Lek Ivashkin','3923609643'),(886,1006,1,'22689 Texas Plaza','Delia Dibben','3394234216'),(887,67,5,'92198 Manley Center','Robb Tallet','4305831450'),(888,481,3,'3404 Northwestern Crossing','Read Farrah','6239282471'),(889,850,1,'54 Golden Leaf Alley','Tarra Lening','3743462374'),(890,195,1,'53 Weeping Birch Drive','Prissie Minerdo','7745538093'),(891,753,2,'47794 Declaration Alley','Nicky Rue','5211963945'),(892,1083,8,'464 Hanover Plaza','Alexis Tilt','8977933074'),(893,992,8,'3805 Lawn Plaza','Eilis Efford','4377679437'),(894,943,3,'35673 Bashford Park','Parrnell Moscone','8459964656'),(895,199,4,'1 Crownhardt Lane','Tremayne Gian','5853231500'),(896,870,5,'75575 Carberry Hill','Cate Budgen','6313600652'),(897,750,8,'08 Oak Drive','Aloisia Blankett','7733241867'),(898,311,8,'561 Lake View Parkway','Gertrude Van Salzberger','8604868386'),(899,55,5,'384 Grayhawk Circle','Nathanil Gingold','9825342225'),(900,985,6,'70274 Trailsway Crossing','Diann Peron','5877692329'),(901,781,5,'1 Artisan Hill','Donella Lavender','3136956239'),(902,607,2,'38372 Monica Junction','Verene Chsteney','8137756390'),(903,1014,7,'9422 Memorial Lane','Kerrill Fairbourn','4293384154'),(904,210,7,'627 Shelley Plaza','Lemmie Grund','6881643846'),(905,93,8,'8 Dexter Junction','Kellby Cran','1052284506'),(906,415,1,'562 Red Cloud Avenue','Lexine MacBrearty','8278035971'),(907,83,7,'1055 Lake View Crossing','Logan Giannoni','3273809119'),(908,245,6,'9 Eagan Plaza','Sheilakathryn Sprigings','1223016285'),(909,681,2,'99772 Del Sol Plaza','Michelina Guidi','1812012782'),(910,589,2,'94 Corscot Park','Flor Mettrick','8317771890'),(911,202,3,'96633 Menomonie Trail','Ashley Borgne','3162844539'),(912,590,5,'39604 Darwin Parkway','Onfre Greatbach','4756293480'),(913,1032,4,'367 Bunker Hill Plaza','Corabella Locock','8501998802'),(914,443,2,'77 Fordem Trail','Terra Tythe','3525298481'),(915,1070,3,'44 Vera Circle','Fawn Ashburner','7859487401'),(916,381,2,'267 Oneill Circle','Hedwiga Szymanski','5439621948'),(917,115,7,'5 Sauthoff Way','Vanessa Dilworth','1564349342'),(918,313,6,'4 Commercial Circle','Reinwald Drawmer','9021817739'),(919,721,8,'6374 Tomscot Alley','Devondra Wetwood','8914357019'),(920,979,3,'76 Sunfield Point','Charmain Cleare','5352155809'),(921,8,4,'05645 Sachtjen Alley','Cindee Woodard','5101183264'),(922,1018,8,'9 Sherman Road','Rahal Duchenne','4531223589'),(923,123,1,'481 Clemons Road','Alonso Caramuscia','7014781999'),(924,187,6,'99 Banding Junction','Ami Jizhaki','8984470027'),(925,804,1,'26331 Transport Plaza','Myca Cavy','9878830211'),(926,799,8,'085 Ohio Center','Mel Gall','6535568607'),(927,373,6,'390 Sauthoff Parkway','Portie Belsey','7921421826'),(928,105,5,'41356 Garrison Avenue','Josy Bendik','3132440632'),(929,157,7,'2 David Street','Lizbeth Ditts','1521307821'),(930,587,3,'865 Melvin Drive','Bernelle Wolfinger','4712970708'),(931,329,7,'4721 Hanover Street','Lyell Asson','5868735208'),(932,771,3,'23523 Birchwood Point','Hertha Morey','4863549913'),(933,918,4,'71 Tony Pass','Charlton Ioannou','6613130837'),(934,797,5,'0 Swallow Circle','Teador Doddrell','3658789504'),(935,137,1,'2676 Claremont Parkway','Stephie Johnsey','8636916956'),(936,881,8,'78 Stone Corner Street','Yorgos Dufaur','1965345920'),(937,784,3,'0180 Anniversary Drive','Jessalyn Sailer','6843065287'),(938,1024,1,'4 Talmadge Terrace','Rey Bastow','6688402014'),(939,827,5,'7830 Sage Park','Deena Spykings','8805725816'),(940,821,6,'62713 Towne Drive','Suzanne Seviour','4833951676'),(941,489,5,'5 Ridgeway Hill','Darsie Rene','9805552858'),(942,992,1,'46457 Lakewood Gardens Place','Iormina Clegg','9913073320'),(943,711,4,'0 Glacier Hill Crossing','Jermayne Ruter','1951833865'),(944,372,4,'5 American Plaza','Marilyn Murby','2913322730'),(945,842,4,'3 Schmedeman Street','Alix Tapley','5413796766'),(946,457,3,'32345 Burning Wood Alley','Roxanna Rembrant','1332075474'),(947,849,3,'850 Lakeland Court','Tadeas Durden','8718525461'),(948,186,1,'48343 Magdeline Parkway','Hube Lampens','1263136646'),(949,865,7,'2458 Hudson Terrace','Ruperta Tilly','7341359280'),(950,521,1,'1 Memorial Circle','Aili Virgin','3052822373'),(951,880,8,'26 Mccormick Court','Wait Guymer','3516022941'),(952,621,5,'92047 Tony Center','Hal Puddan','9645634387'),(953,940,4,'48914 Tomscot Place','Hilda Abatelli','6923616090'),(954,96,2,'10 Becker Street','Ahmad Neising','4093144767'),(955,1045,7,'99396 Orin Park','Weber McRoberts','7168358508'),(956,4,6,'36 Manufacturers Circle','Kylie Dechelle','8656574709'),(957,164,7,'6 Pine View Terrace','Sol Strang','2635656613'),(958,787,1,'609 Fairview Lane','Web Burgise','5319027118'),(959,640,5,'0 Blue Bill Park Terrace','Orlando Goodliff','5468042361'),(960,575,4,'63 Forest Run Crossing','Sandro Ungaretti','7955532009'),(961,87,3,'18338 Onsgard Drive','Mart Matyasik','9434849064'),(962,778,7,'92054 Vidon Road','Claude Barends','5569397987'),(963,36,4,'68 David Road','Drusy Zanitti','9005498182'),(964,387,6,'4 Talisman Drive','Cyndi Heibel','4219527593'),(965,203,4,'93 Sherman Junction','Eunice Cherm','3361491898'),(966,144,3,'50903 Fremont Parkway','Stephie Garnul','8615916480'),(967,946,3,'317 Browning Place','Bradly Kulicke','4414480368'),(968,1021,3,'4799 Upham Drive','Timmi Stilgoe','7334236757'),(969,788,2,'6363 Hooker Court','Mufi Macari','9808243237'),(970,939,3,'9 Jana Lane','Mohandas Thow','3485405790'),(971,1069,6,'5 4th Circle','Adorne Gasker','6498332134'),(972,126,8,'71 Portage Pass','Shep Gregan','8559556535'),(973,1034,8,'60625 Dayton Avenue','Garret Rookeby','5466650167'),(974,321,7,'5 Duke Alley','Alfredo La Torre','5055910132'),(975,338,5,'5312 Farwell Drive','Dix McKevin','2718124642'),(976,576,6,'6 Comanche Pass','Shurlocke Feld','2067051277'),(977,776,6,'0 2nd Circle','Eugenius Mottershead','6833033916'),(978,174,4,'7321 Scott Street','Dorree Frobisher','9554795416'),(979,41,4,'570 Lien Parkway','Ardene Brabender','7932070399'),(980,926,7,'8842 Larry Crossing','Henry Jeanes','5103589417'),(981,118,5,'49 Mitchell Crossing','Cathrin Ellwand','9281719595'),(982,278,5,'5 Alpine Park','Clovis Iozefovich','6889020253'),(983,950,4,'956 David Avenue','Tedie Florio','4744274904'),(984,238,7,'95857 Barby Point','Anastassia Cuseck','3786429177'),(985,626,2,'51 Express Street','Cleopatra Treleven','1498772094'),(986,504,6,'613 Warbler Pass','Lay Popplewell','2958032526'),(987,849,5,'27405 Fremont Avenue','Timothee Lightning','5249074255'),(988,1012,2,'08 Mayer Junction','Vina Diperaus','5624350323'),(989,39,2,'355 Westridge Way','Charin Caesman','9135482468'),(990,433,5,'4661 Butternut Plaza','Evita Filmer','1145572854'),(991,1068,3,'88 Eliot Road','Gwenny Prazor','3199263512'),(992,593,5,'11497 Raven Parkway','Alia Cardenas','1456676442'),(993,773,8,'09386 Maywood Place','Tomasine Fishleigh','9207332694'),(994,1117,7,'93 Meadow Valley Road','Washington Knibley','9481709210'),(995,385,3,'60 Roxbury Plaza','Alma Murrell','2247337969'),(996,375,5,'2 Schiller Junction','Heda Peyzer','7239946384'),(997,926,3,'7750 Dwight Place','Alyce Wark','5693359777'),(998,1093,1,'6 Jay Point','Conroy Townrow','3416359296'),(999,475,7,'67 Nelson Circle','Robenia de Pinna','5452736178'),(1000,76,8,'63 Hagan Avenue','Melloney Arndtsen','4215620597');

/*Table structure for table `sucursal_cliente` */

DROP TABLE IF EXISTS `sucursal_cliente`;

CREATE TABLE `sucursal_cliente` (
  `id` int(10) NOT NULL AUTO_INCREMENT,
  `id_contacto` int(10) NOT NULL,
  `id_sucursal` int(10) NOT NULL,
  PRIMARY KEY (`id`),
  KEY `id_contacto` (`id_contacto`),
  KEY `id_sucursal` (`id_sucursal`),
  CONSTRAINT `sucursal_cliente_ibfk_1` FOREIGN KEY (`id_contacto`) REFERENCES `contactos` (`id`),
  CONSTRAINT `sucursal_cliente_ibfk_2` FOREIGN KEY (`id_sucursal`) REFERENCES `sucursal` (`id`)
) ENGINE=InnoDB AUTO_INCREMENT=2001 DEFAULT CHARSET=utf8;

/*Data for the table `sucursal_cliente` */

insert  into `sucursal_cliente`(`id`,`id_contacto`,`id_sucursal`) values (3,2775,766),(4,1920,370),(5,251,87),(9,1329,457),(10,1098,534),(12,2676,564),(15,831,823),(16,1832,17),(18,773,646),(19,1764,579),(20,1422,481),(21,275,849),(22,1721,964),(25,666,986),(26,2717,234),(30,8,713),(33,2105,756),(36,1118,684),(37,1601,940),(40,185,203),(41,1258,822),(44,1365,571),(46,1196,613),(47,1957,437),(48,579,47),(51,2074,353),(52,93,68),(55,1333,315),(56,2780,833),(60,314,201),(62,2817,704),(64,2864,99),(65,901,318),(70,678,382),(71,101,540),(72,312,168),(74,485,140),(75,1089,562),(78,396,257),(80,993,454),(82,151,867),(84,906,922),(85,2835,653),(86,886,431),(87,1681,8),(88,70,472),(91,439,186),(92,411,500),(93,215,396),(94,2846,535),(96,301,96),(97,1690,187),(98,1437,205),(99,1759,372),(100,2031,403),(103,535,807),(104,54,960),(105,418,948),(107,1755,879),(109,516,266),(110,2841,271),(113,427,725),(114,356,807),(116,2883,285),(118,236,807),(119,1089,707),(120,2054,218),(121,1425,501),(125,1903,517),(126,136,720),(127,2370,900),(128,1894,495),(131,1217,804),(132,787,315),(135,1513,762),(136,1485,973),(138,2103,482),(140,1215,251),(142,1472,338),(143,1870,83),(144,1725,734),(145,1968,985),(146,79,695),(147,2797,608),(149,1353,258),(152,2826,140),(154,1579,636),(155,1426,934),(156,1583,794),(157,2178,633),(159,990,595),(162,638,120),(163,1056,495),(164,2438,734),(172,816,333),(174,2953,745),(178,1877,46),(179,2854,514),(180,2004,987),(181,982,568),(182,117,798),(183,2183,404),(184,2765,943),(185,473,602),(187,2522,192),(192,2005,629),(195,2995,454),(198,429,613),(200,526,961),(201,79,667),(208,2300,574),(209,1226,44),(211,84,291),(212,2544,24),(215,635,373),(216,2245,628),(217,796,895),(218,2037,786),(221,1874,907),(226,630,387),(227,867,748),(229,2129,300),(231,684,798),(232,324,98),(233,2124,703),(235,94,296),(236,1334,285),(238,708,955),(239,419,223),(240,555,768),(241,2286,163),(243,2137,75),(247,2864,201),(248,114,115),(250,838,140),(251,879,89),(252,636,412),(253,1544,568),(254,365,193),(256,2687,170),(259,489,354),(260,2690,596),(263,598,288),(268,878,135),(269,2302,432),(271,1597,26),(272,632,532),(273,2795,665),(274,656,808),(275,251,371),(280,932,632),(281,389,862),(282,1468,433),(285,2014,213),(288,152,694),(289,2395,146),(291,2211,676),(292,2619,181),(294,2031,133),(295,2011,870),(296,696,51),(298,1620,253),(299,976,344),(300,2744,985),(301,2171,306),(302,2127,331),(304,1492,769),(305,323,923),(307,2851,347),(310,124,365),(311,2008,896),(312,282,122),(314,1821,55),(315,1672,922),(316,2776,777),(318,2293,852),(319,862,840),(320,2994,775),(321,1676,991),(324,848,961),(325,2935,99),(327,1185,8),(328,485,379),(329,2161,21),(330,371,144),(331,823,85),(332,1654,837),(334,1565,465),(335,282,182),(336,2406,551),(337,305,442),(340,1151,731),(342,2664,743),(344,2491,86),(345,1336,827),(346,1119,774),(347,330,471),(350,1751,322),(351,337,611),(353,3000,985),(355,2857,218),(356,1947,930),(357,891,575),(360,441,211),(361,744,812),(362,1711,655),(364,425,956),(369,145,572),(370,2612,468),(375,527,834),(377,1215,224),(379,258,223),(380,2492,38),(381,961,559),(382,263,961),(384,2553,749),(387,64,890),(391,2530,11),(393,2177,452),(395,211,355),(396,348,455),(397,1755,40),(399,776,240),(400,2044,181),(402,2801,215),(405,698,215),(407,39,880),(409,1691,745),(411,2514,546),(413,2232,748),(414,324,959),(415,1329,694),(418,944,398),(419,735,156),(420,882,963),(421,439,652),(423,2023,899),(425,976,787),(426,903,606),(431,320,446),(432,862,646),(433,926,275),(435,19,228),(436,97,772),(438,1507,89),(439,712,995),(441,966,460),(442,51,821),(443,1529,525),(444,1821,263),(447,2681,280),(448,575,960),(451,1147,736),(452,1991,390),(453,2460,768),(454,1343,169),(455,2331,458),(456,2400,829),(457,1375,136),(459,2169,407),(460,64,375),(462,90,376),(463,820,893),(464,11,983),(468,450,853),(470,912,224),(472,2717,668),(475,1045,400),(479,611,273),(480,619,682),(482,1859,897),(484,432,409),(486,23,370),(487,1210,709),(489,704,641),(490,1118,843),(494,522,300),(495,2587,20),(497,616,2),(499,321,195),(500,520,799),(502,2738,105),(506,1270,364),(507,896,629),(510,2993,857),(511,452,194),(512,2647,914),(513,1881,710),(515,650,634),(516,2856,533),(517,1802,707),(519,479,88),(520,910,470),(521,1032,34),(522,2626,603),(523,367,72),(524,1395,533),(529,1937,483),(531,2269,657),(533,1129,244),(536,191,341),(538,312,714),(539,2015,132),(540,1315,516),(541,256,257),(542,630,450),(543,2247,502),(545,1077,946),(546,388,278),(551,564,328),(553,2758,411),(558,286,291),(559,373,40),(560,872,173),(561,1919,851),(562,2687,96),(563,1966,129),(564,2419,984),(565,2218,123),(566,573,773),(568,1903,585),(571,1005,187),(573,717,37),(576,2953,353),(577,641,593),(578,220,819),(581,1615,328),(582,1431,636),(584,761,403),(588,991,600),(589,67,911),(591,475,463),(593,706,515),(594,2104,305),(597,2147,396),(598,2223,544),(599,851,368),(600,442,967),(604,2357,311),(605,1771,378),(610,1098,833),(611,921,945),(612,1319,790),(613,623,887),(615,2303,45),(620,1440,537),(621,582,43),(623,2202,666),(624,2502,356),(626,1741,600),(627,351,559),(628,1062,718),(629,2848,36),(630,407,575),(635,773,809),(638,1828,699),(639,861,146),(640,953,292),(644,586,232),(645,2338,94),(647,2946,918),(648,1026,236),(649,446,17),(652,2245,955),(653,304,762),(654,2656,773),(656,697,654),(659,448,882),(660,2004,149),(661,2516,44),(662,2033,108),(665,2533,311),(666,1171,106),(668,414,208),(671,489,563),(674,2491,379),(677,1276,304),(680,1532,782),(681,1864,402),(682,2201,423),(683,121,312),(684,2779,861),(686,839,380),(688,1217,640),(691,1361,815),(693,2211,371),(694,1627,351),(695,318,622),(698,457,769),(700,2633,581),(701,1324,412),(703,2664,482),(707,829,725),(711,2251,657),(713,172,397),(714,2342,541),(715,878,765),(716,2347,789),(718,2433,612),(720,2146,943),(721,304,260),(722,323,706),(723,1609,10),(725,702,248),(726,2601,419),(727,759,728),(729,2654,544),(732,2981,16),(733,305,589),(735,24,557),(737,2115,295),(738,186,44),(739,730,162),(744,743,286),(746,2114,922),(747,936,22),(748,2675,224),(750,674,312),(751,2413,918),(753,187,953),(755,2970,459),(757,295,705),(760,1502,873),(761,267,319),(763,347,705),(764,221,676),(765,1742,916),(767,2495,196),(769,703,513),(770,2442,182),(771,2582,252),(772,391,495),(773,2345,836),(774,122,863),(776,2247,275),(778,1636,388),(780,624,227),(783,2396,75),(784,37,759),(785,2846,866),(787,2819,486),(788,311,655),(789,176,58),(794,191,546),(795,864,330),(798,841,420),(799,694,695),(800,891,7),(801,2137,687),(803,2,977),(805,1951,299),(807,2852,727),(808,1516,644),(809,2429,301),(811,503,499),(814,1997,260),(816,2186,368),(817,1007,885),(818,844,253),(820,2579,274),(821,938,420),(822,774,834),(823,188,742),(825,1288,734),(829,1858,618),(832,1124,898),(833,156,785),(835,362,73),(836,103,463),(839,613,994),(840,2771,104),(841,2256,63),(844,1182,418),(845,59,387),(847,512,361),(848,80,9),(849,2906,25),(850,861,745),(852,2881,510),(855,241,623),(856,2766,43),(857,2248,521),(860,1578,310),(861,1419,873),(863,860,741),(865,234,492),(867,2298,742),(868,2615,81),(871,2259,558),(873,2142,751),(874,998,149),(876,2120,604),(877,1176,211),(878,952,58),(879,1849,709),(880,1378,369),(881,705,216),(885,2134,749),(886,1563,427),(887,2841,579),(890,2861,299),(892,1017,835),(893,1012,227),(894,2594,163),(895,1122,889),(896,663,605),(899,497,730),(905,203,817),(907,497,713),(911,712,912),(912,2417,171),(919,294,973),(920,233,751),(923,2583,180),(925,2988,142),(926,1019,768),(928,1788,950),(929,112,161),(931,2035,439),(934,1011,603),(936,210,891),(937,952,275),(939,847,91),(940,1687,531),(942,1399,355),(943,2733,931),(944,1019,834),(946,1253,453),(948,618,938),(950,1321,274),(951,309,28),(952,2505,252),(953,233,933),(954,718,165),(955,362,111),(957,1629,554),(959,229,710),(960,868,585),(961,62,420),(962,1955,428),(963,1246,326),(964,1465,618),(967,988,479),(969,1372,468),(970,45,897),(975,642,407),(977,572,949),(978,333,226),(980,2409,124),(984,857,101),(985,112,997),(987,2371,334),(988,1624,536),(991,2876,401),(992,2758,605),(993,499,4),(997,46,547),(999,603,245),(1000,1595,387),(1001,1027,175),(1002,2044,642),(1005,447,334),(1006,344,188),(1008,1882,98),(1011,2307,181),(1013,2866,800),(1014,2770,442),(1015,1524,858),(1017,267,183),(1020,166,548),(1023,90,480),(1024,409,29),(1026,698,667),(1027,1790,599),(1031,245,339),(1032,929,689),(1034,1212,870),(1037,177,378),(1038,651,628),(1040,1235,416),(1041,1194,69),(1043,1272,177),(1046,2102,91),(1047,2251,17),(1049,1465,115),(1054,233,90),(1055,2864,984),(1056,1100,562),(1064,564,737),(1065,1317,593),(1066,1788,331),(1067,917,361),(1068,828,342),(1070,1071,651),(1072,1074,42),(1074,1144,563),(1075,966,289),(1076,655,366),(1077,2305,764),(1078,2037,827),(1081,1255,126),(1082,149,897),(1084,283,233),(1085,71,925),(1088,417,251),(1089,19,121),(1090,2819,273),(1093,156,169),(1094,1894,796),(1095,541,413),(1096,599,488),(1100,1333,945),(1101,496,603),(1102,2516,403),(1104,826,896),(1105,153,301),(1109,2969,753),(1110,2039,989),(1111,2607,456),(1114,1115,33),(1119,1863,778),(1120,326,254),(1122,395,269),(1123,2506,333),(1124,565,730),(1125,1394,613),(1126,417,68),(1128,2291,891),(1131,1372,49),(1132,587,69),(1133,45,654),(1134,1552,796),(1137,485,619),(1138,482,380),(1139,38,170),(1140,177,350),(1145,1585,409),(1147,25,161),(1148,889,371),(1149,2725,270),(1150,1743,275),(1152,1968,95),(1157,2324,379),(1158,320,323),(1160,1809,2),(1161,212,759),(1164,2281,2),(1167,166,95),(1168,2631,276),(1171,362,431),(1177,2932,396),(1178,909,603),(1179,1180,862),(1181,731,589),(1183,64,121),(1185,579,60),(1186,1833,764),(1188,1802,701),(1189,210,932),(1190,2702,983),(1191,2092,892),(1195,1716,547),(1198,404,814),(1201,543,940),(1207,2380,496),(1208,2199,565),(1209,2766,41),(1210,1310,899),(1213,368,118),(1214,1987,587),(1225,18,583),(1226,1504,967),(1229,2432,43),(1230,1015,422),(1231,2609,475),(1232,457,821),(1233,826,972),(1234,1210,716),(1235,2180,501),(1237,228,282),(1240,30,895),(1242,522,764),(1246,3000,76),(1247,2918,676),(1252,1213,372),(1253,1674,882),(1254,2278,485),(1256,11,807),(1257,1839,453),(1260,101,487),(1261,1509,171),(1265,2701,716),(1267,287,373),(1268,2530,852),(1269,1034,806),(1270,2087,590),(1273,1859,831),(1280,1845,476),(1281,601,319),(1283,143,690),(1284,111,969),(1288,2293,889),(1291,563,929),(1293,643,377),(1297,1811,48),(1301,1743,234),(1302,305,216),(1303,554,279),(1305,110,436),(1307,1422,103),(1308,1181,149),(1309,216,137),(1312,818,353),(1313,1321,211),(1314,702,445),(1318,1840,7),(1322,315,216),(1323,871,604),(1324,156,366),(1325,2289,722),(1326,1559,40),(1327,1987,397),(1328,2085,316),(1329,2661,35),(1332,1156,504),(1337,2947,144),(1340,1174,617),(1342,467,245),(1344,1196,814),(1345,349,417),(1346,71,515),(1350,906,230),(1351,1653,327),(1353,1208,237),(1355,729,522),(1356,1968,769),(1357,1365,383),(1361,1798,527),(1362,130,462),(1363,746,693),(1364,663,687),(1365,510,246),(1366,249,989),(1367,437,751),(1368,2858,631),(1373,1624,605),(1374,1821,202),(1375,513,993),(1376,822,770),(1377,37,740),(1380,1430,811),(1382,1588,148),(1383,39,389),(1384,2106,910),(1385,945,645),(1386,2234,88),(1387,417,506),(1388,532,617),(1389,734,362),(1391,2886,290),(1393,411,836),(1394,481,431),(1395,166,499),(1396,544,816),(1397,770,917),(1400,717,998),(1401,1501,233),(1404,1589,308),(1405,1181,330),(1406,1980,64),(1408,2687,952),(1409,242,399),(1410,1438,908),(1411,2758,377),(1412,339,871),(1413,2958,285),(1415,617,465),(1416,440,694),(1419,681,777),(1420,1049,3),(1421,2651,954),(1422,529,458),(1424,555,389),(1425,74,447),(1426,995,157),(1427,717,320),(1428,145,874),(1435,592,870),(1436,1654,636),(1437,208,279),(1438,1924,813),(1439,2119,107),(1441,1074,929),(1442,953,262),(1443,120,416),(1446,768,571),(1447,600,143),(1450,124,416),(1451,2359,92),(1453,1627,671),(1454,1839,98),(1456,970,644),(1457,926,559),(1459,2415,474),(1461,2367,89),(1462,2168,892),(1464,1492,590),(1465,283,77),(1468,593,203),(1469,2557,380),(1471,836,288),(1474,1920,681),(1476,1277,686),(1477,1875,692),(1480,158,17),(1482,1465,376),(1483,1231,549),(1484,2528,579),(1485,1707,22),(1486,2543,557),(1490,543,648),(1491,752,756),(1494,67,92),(1496,371,842),(1499,566,354),(1500,2127,64),(1501,1949,293),(1503,2293,64),(1505,638,514),(1510,2293,396),(1511,242,259),(1513,507,755),(1514,303,413),(1515,1449,71),(1517,475,376),(1520,1407,322),(1522,225,941),(1524,2759,415),(1525,2977,806),(1527,1040,168),(1530,1247,135),(1531,425,210),(1533,1035,432),(1535,733,827),(1536,1346,965),(1537,994,793),(1538,2134,978),(1539,687,913),(1540,1788,887),(1541,782,692),(1542,2994,753),(1543,1361,809),(1546,2085,128),(1548,543,254),(1549,2054,946),(1550,251,741),(1551,2536,98),(1552,2278,795),(1554,967,256),(1556,1185,709),(1558,2790,649),(1559,599,660),(1560,2528,27),(1561,297,952),(1565,585,261),(1566,971,668),(1568,1425,401),(1569,2135,689),(1570,794,58),(1572,966,676),(1573,602,958),(1574,871,22),(1575,1115,656),(1576,979,974),(1577,1069,426),(1578,1293,886),(1582,1253,556),(1586,2097,203),(1588,2460,626),(1589,774,135),(1590,2062,817),(1596,969,120),(1600,1503,303),(1601,1468,847),(1602,683,583),(1606,2616,810),(1608,1590,762),(1611,494,1),(1612,2651,388),(1614,2817,749),(1615,2380,7),(1619,386,58),(1620,2320,288),(1622,1091,259),(1624,1783,828),(1626,503,822),(1627,1449,582),(1630,624,469),(1632,455,342),(1634,1329,613),(1636,2327,25),(1637,1319,931),(1641,1547,929),(1645,2761,529),(1647,237,157),(1648,2601,535),(1652,1419,748),(1653,1787,165),(1654,539,995),(1656,2932,784),(1658,1092,844),(1659,929,460),(1660,473,161),(1661,1563,992),(1662,69,329),(1663,1017,875),(1665,1721,669),(1666,84,941),(1668,739,169),(1671,969,847),(1673,553,380),(1674,1124,128),(1675,2412,62),(1679,996,250),(1681,716,959),(1683,1131,440),(1685,173,159),(1687,1869,810),(1688,575,216),(1689,419,146),(1690,1961,726),(1691,640,768),(1695,18,38),(1696,938,500),(1697,1372,931),(1700,2415,881),(1702,419,97),(1703,131,178),(1704,279,784),(1709,2946,628),(1714,574,257),(1715,48,62),(1717,1431,940),(1718,1012,772),(1719,2531,326),(1720,424,58),(1721,276,380),(1722,1281,529),(1723,2658,908),(1724,927,805),(1725,438,380),(1726,271,594),(1729,1662,451),(1730,874,281),(1731,1132,403),(1732,718,982),(1733,1924,716),(1734,2795,729),(1735,892,456),(1736,2908,795),(1737,201,808),(1739,1807,632),(1741,2199,162),(1742,1255,429),(1743,2636,979),(1744,493,589),(1745,695,919),(1746,2373,96),(1747,127,666),(1748,910,159),(1749,2122,504),(1750,2673,628),(1751,205,855),(1753,873,978),(1754,2852,659),(1756,2013,249),(1759,2278,269),(1761,1175,925),(1764,141,785),(1767,1980,379),(1768,1102,446),(1769,1975,142),(1770,2631,524),(1771,2090,37),(1772,480,272),(1773,164,30),(1774,19,80),(1776,353,235),(1779,2102,490),(1784,1067,967),(1785,2121,117),(1788,327,276),(1791,124,972),(1793,1235,455),(1794,2663,893),(1795,1190,917),(1796,1312,828),(1797,2134,355),(1801,1226,727),(1802,556,278),(1804,1554,856),(1805,1033,100),(1806,553,560),(1810,1442,437),(1812,2609,515),(1815,2166,619),(1818,1656,272),(1819,2007,999),(1820,348,494),(1821,2097,614),(1822,774,576),(1826,166,788),(1829,958,358),(1830,973,674),(1832,914,573),(1833,2351,689),(1836,991,278),(1839,96,291),(1842,1939,342),(1843,1641,407),(1848,1756,364),(1849,2964,157),(1850,486,971),(1851,2073,751),(1853,1342,270),(1854,1467,829),(1856,1950,813),(1857,1759,428),(1862,2162,492),(1863,2083,824),(1864,1205,363),(1865,2537,838),(1866,2269,652),(1870,1655,13),(1873,180,754),(1874,411,665),(1876,405,29),(1878,2062,652),(1880,202,871),(1881,738,933),(1882,1000,523),(1884,614,133),(1887,2675,490),(1888,2722,338),(1889,2596,531),(1890,2138,631),(1891,846,515),(1895,285,539),(1898,620,75),(1900,354,482),(1904,2207,533),(1906,114,681),(1909,2293,63),(1910,1214,280),(1913,393,158),(1914,2334,158),(1918,125,512),(1919,24,490),(1922,964,62),(1923,138,957),(1924,574,64),(1926,114,278),(1927,666,691),(1932,1131,944),(1933,580,637),(1935,25,799),(1936,726,584),(1937,1845,265),(1941,1531,25),(1942,1477,127),(1944,994,425),(1947,2798,759),(1949,1646,323),(1950,740,873),(1951,467,385),(1953,1362,247),(1954,933,282),(1956,2542,881),(1961,480,690),(1964,2126,594),(1965,49,205),(1966,2705,470),(1968,433,157),(1969,917,83),(1972,733,662),(1974,2205,491),(1975,20,805),(1981,2585,547),(1983,1762,280),(1984,1937,590),(1985,1288,148),(1988,1315,504),(1991,1095,39),(1992,1658,777),(1993,2020,742),(1995,1547,359),(1997,2579,133),(1998,903,130),(1999,287,898),(2000,2000,996);

/*Table structure for table `zona` */

DROP TABLE IF EXISTS `zona`;

CREATE TABLE `zona` (
  `id` int(10) NOT NULL AUTO_INCREMENT,
  `descripcion` varchar(20) NOT NULL,
  PRIMARY KEY (`id`)
) ENGINE=InnoDB AUTO_INCREMENT=9 DEFAULT CHARSET=utf8;

/*Data for the table `zona` */

insert  into `zona`(`id`,`descripcion`) values (1,'NORTE'),(2,'NOROESTE'),(3,'OESTE'),(4,'SURESTE'),(5,'SUR'),(6,'SURESTE'),(7,'ESTE'),(8,'NORESTE');

/*!40101 SET SQL_MODE=@OLD_SQL_MODE */;
/*!40014 SET FOREIGN_KEY_CHECKS=@OLD_FOREIGN_KEY_CHECKS */;
/*!40014 SET UNIQUE_CHECKS=@OLD_UNIQUE_CHECKS */;
/*!40111 SET SQL_NOTES=@OLD_SQL_NOTES */;
